prompt,completion
"splatoon 3 is dank 
best one so far ",how does one improve on perfection?
how does one improve on perfection?,"with an in game trading card game, OBVIOUSLY 
a fish woman just game me a starter deck "
a fish woman just game me a starter deck ,"welp, time to get into splatoon i guess"
"welp, time to get into splatoon i guess",Splatoonsmith+
Splatoonsmith+,the gathering
the gathering,no i want to play aquarium simulator
no i want to play aquarium simulator,"play splatoon 
it‚Äôs fun 
we can make a clan 
you can be a squid or an octopus now 
it‚Äôs very progressive 
they used to be the enemies "
they used to be the enemies ,"that's disgusting, why would anyone want to play as a fuckin tako"
"that's disgusting, why would anyone want to play as a fuckin tako",Takitos
Takitos,"racist 
seriously though if you never played before, this is the one to get 
i‚Äôm so hype 
return of best girl "
return of best girl ,Hey does The Rock Smith + have the new megadeth album
"Wigglesmith+
Haven't checked but probably not yet
There is some slayer tho","yeah I GUESS slayer is pretty ""metal"""
"yeah I GUESS slayer is pretty ""metal""",If you want metal wait for the mobile version 
If you want metal wait for the mobile version ,"fuck yeah
can I use a guitar hero controller"
can I use a guitar hero controller,On mobile you can hum the notes if you're talented enough 
On mobile you can hum the notes if you're talented enough ,"https://twitter.com/pcgamer/status/1568567288416112640?s=46&t=MDS0Zc7ybjbXR7lzR269yw
https://twitter.com/vicbergeriv/status/1568737458799661056?s=46&t=ONjRUyW0y2yo7ip5sbkWFQ"
https://twitter.com/vicbergeriv/status/1568737458799661056?s=46&t=ONjRUyW0y2yo7ip5sbkWFQ,Hahaha why is that video so much better than it needs to be 
Yo  when do yall usually do your beach house rental?,we actually were just there at the end of august 
we actually were just there at the end of august ,"Looking like Adrienne wants to plan a return trip and would like to do the beach house. 
I just need to know time frame since I can work from Osaka for a mknth or more."
I just need to know time frame since I can work from Osaka for a mknth or more.,"we decided beach house sucks because there are bugs
*we
****we"
****we,Wee wee
Wee wee,but sick!!!
but sick!!!,"i think july/aug is a good time 
if we book early enough shouldn‚Äôt be an issue "
if we book early enough shouldn‚Äôt be an issue ,"Good time to get fried in osaka
Nice"
Nice,just move to osaka
just move to osaka,i would def be down for osaka trip too
i would def be down for osaka trip too,"For sure I'll probably be taking a week or so off and hang in Tokyo then do weekend trips while I work
But yeah would be cool if yall came down a weekend or whatever "
But yeah would be cool if yall came down a weekend or whatever ,"yeah, MAYBE"
"yeah, MAYBE",I'LL THINK ABOUT IT
I'LL THINK ABOUT IT,"beach house can only fit six by the way 
not sure if they would be able to find out if we had more than thst "
not sure if they would be able to find out if we had more than thst ,Well whatever we figure it out 
Well whatever we figure it out ,"yeah either way we can make it happen
maybe we get a bigger hosue (bulging eyes)"
maybe we get a bigger hosue (bulging eyes),awooooga
awooooga,the house could def FIT more than 
the house could def FIT more than ,[Sticker]
[Sticker],https://www.youtube.com/watch?v=2p2JcCoh1CU
https://www.youtube.com/watch?v=2p2JcCoh1CU,laugh all you want but it‚Äôs all true 
laugh all you want but it‚Äôs all true ,Dunko speaks truth 
Dunko speaks truth ,halo? more like gaylo
halo? more like gaylo,"Hot take but halo always sucked
It just had good controls "
It just had good controls ,uuum hot take guitar smith ROCKS!
uuum hot take guitar smith ROCKS!,Thank God I work on Rocksmith 
Thank God I work on Rocksmith ,hahahahahhahah
hahahahahhahah,And yeah it also sucks
To be the man you got to beat the man,lol
lol,"found a new game 
https://youtu.be/w9bBSM1XneA?t=19"
Nice bathroom tag,oh my god lol
oh my god lol,oh my god
you guys doing anything tonight?,Mmm no plans I don't think
Mmm no plans I don't think,"like the horror movie? 
lol sure 
i‚Äôm surprised you‚Äôre up for that"
i‚Äôm surprised you‚Äôre up for that,"We could go to ‰∏áË±öË®ò for dinner
""Wan Zhu Ji Sangenjaya"
"""Wan Zhu Ji Sangenjaya",oh sure 
oh sure ,"Holy shit the samgenjaya one is open till 4am 
Sick "
Sick ,"tuckers at a team event so it‚Äôll just be me 
if you‚Äôll have me "
if you‚Äôll have me ,Good riddance to bad rubush I say 
Good riddance to bad rubush I say ,"girls night 
what time are y‚Äôall done w work 
oh cool "
oh cool ,"Yeah just come over whenever you feel like it, I'm not doing shit "
"Yeah just come over whenever you feel like it, I'm not doing shit ","oh nice i‚Äôll get dressed and head over then 
headin over now 
402?"
402?,Yup
Yup,need anything
need anything,Mmmm beer 
Mmmm beer ,‰∫ÜËß£
‰∫ÜËß£,https://twitter.com/startrekvhs/status/1337424666126938113?s=46&t=n7k9TN9G6XCxLmt7B8tKkQ
https://twitter.com/startrekvhs/status/1337424666126938113?s=46&t=n7k9TN9G6XCxLmt7B8tKkQ,Cleaning out your ass with Darth Vader
Raccoon spotted,https://twitter.com/butnotironic/status/1571080690082652160?s=46&t=xH57_xauIEA5W956Dj-24g
what the fuck? ,cleo sniffed them out 
They can't be actual racoons though right? Thought that they were specific to north America,They „Ç¢„É©„Ç§„Ç∞„Éû
They „Ç¢„É©„Ç§„Ç∞„Éû,isn‚Äôt araiguma just a normal raccoon?
isn‚Äôt araiguma just a normal raccoon?,"Yeah 
But in Japan"
just one of the official gmail themes ,"I seeeeee
moshimoshi ninjas "
moshimoshi ninjas ,"lol why does it say that 
i like the ski one 
why do these look so incredibly bootleg "
why do these look so incredibly bootleg ,hahahah i don't know 
hahahah i don't know ,The ski one is so out of place art wise
The ski one is so out of place art wise,"I‚Äôve been using the ninja fox one for over ten years
Bottom left"
Bottom left,is that an angry referee giving a skiier a blue card 
is that an angry referee giving a skiier a blue card ,"I love their noses
DP do you play video game?"
DP do you play video game?,I am game
I am game,Or just creating
Or just creating,I beat elden ring 
I beat elden ring ,Elden ring ooooooooooo
Elden ring ooooooooooo,My friend is trying to get me into post scriptum 
My friend is trying to get me into post scriptum ,LMAO
LMAO,Shit is a ww2 larp
Shit is a ww2 larp,"are you getting into it
Man that shit is too weird for ME"
Man that shit is too weird for ME,Way too hardcore
Way too hardcore,Those guys order panzer chocolate and smell like German mothballs 
Those guys order panzer chocolate and smell like German mothballs ,"Lol
Only enjoyable class for me,is medic otherwise it's just impossible "
"Only enjoyable class for me,is medic otherwise it's just impossible ","ARMA and Squad are for airsofters, post scriptum is for re-enacted 
Reenactors "
Reenactors ,Yeah 
Yeah ,"Realistic shooters, at least in terms of physics and combat mechanics are such dog doo"
"Realistic shooters, at least in terms of physics and combat mechanics are such dog doo",The core problem is realism isn‚Äôt fun unless you‚Äôre a psycho  
The core problem is realism isn‚Äôt fun unless you‚Äôre a psycho  ,Go play train simulator if you're into that shit 
Go play train simulator if you're into that shit ,See train and plane simulation makes sense  to be. Shooter Sims don't because it's too random
See train and plane simulation makes sense  to be. Shooter Sims don't because it's too random,"Realistically modeled scopes that wobble and refract if you move the mouse too much 
Except it‚Äôs all simulated in real time so quality looks like shit and textures don‚Äôt render fast enough 
Also in real life a train or plane is controlled with buttons and levers that can be mapped to a keyboard 
Vs ‚Äúhold alt+e to bring your arms closer to your body when holding the gun so it doesn‚Äôt get shot when you look around a corner‚Äù
‚ÄúSorry your arms are too close to the wall, the gun will now spazz out to ensure you can clip through (that would be unrealistic)‚Äù"
"‚ÄúSorry your arms are too close to the wall, the gun will now spazz out to ensure you can clip through (that would be unrealistic)‚Äù","In post scriptum you drink tea to heal and recover stamina 
Just like ww2  soldiers "
Just like ww2  soldiers ,hahahahhaa
hahahahhaa,The atheist bit at the end really makes it 
The atheist bit at the end really makes it ,This game
This game,*George Takai voice* oooh myyyy
"the ads are starting to make even less sense 
now it‚Äôs like, a girl with smelly feet is stealing the boyfriend of a girl covered in mud ",This one was doctor smells fart likes it and mudgirl gets mad
This one was doctor smells fart likes it and mudgirl gets mad,"hahhhaa
i wish these ads were longer 
i seriously love them "
i seriously love them ,https://youtu.be/8UkZGNX0YUA
https://youtu.be/8UkZGNX0YUA,"yesss
i looked up the game a while ago and apparently it‚Äôs just a match 3 game that has nothing to do with the ads"
i looked up the game a while ago and apparently it‚Äôs just a match 3 game that has nothing to do with the ads,Yeah it's fake games
Yeah it's fake games,"lol
you'd think that they'd make a real game with all the marketing they've got"
you'd think that they'd make a real game with all the marketing they've got,"the ads clearly take work 
i also like merge mansion ads 
‚Äúwhat‚Äôs grandma hiding?‚Äù"
‚Äúwhat‚Äôs grandma hiding?‚Äù,Lol
"https://twitter.com/avalynwu/status/1572321717145702400?s=46&t=Ve3IQmxm89xZsQEhUsQg2w
lol","Daniel ""baby DP"" Ponce"
I feel you brother,Le epic
Le epic,"Almost time for rage comics to make a comeback
Can't wait"
Can't wait,Oh they‚Äôre back baby
Oh they‚Äôre back baby,"oh my lord you guys have to get this trombone game 
i am literally crying laughing watching tucker play it 
[Video]"
[Video],Lol I thought it was a switch game
Lol I thought it was a switch game,"switch with the trobone attachment like they had the drum for taiko no tatsujin 
i just tried playing, it‚Äôs so hard too"
"i just tried playing, it‚Äôs so hard too",This looks amazing
This looks amazing,"perfect party game 
goddd i‚Äôm dying "
goddd i‚Äôm dying ,Of course tucker wants to play the skin flute game 
Of course tucker wants to play the skin flute game ,"lmao gottemmmmm 
this is what rock smith could have been"
this is what rock smith could have been,Hahahahahaha
Hahahahahaha,It kinda is if you suck at guitar 
It kinda is if you suck at guitar ,If only there were people with a real vision behind that project
If only there were people with a real vision behind that project,at least dp has some ideas for the next brainstorming session 
at least dp has some ideas for the next brainstorming session ,"If they put me in charge of the game I would eliminate all the songs except for smoke on the water
And you'd be able to vape while playing "
And you'd be able to vape while playing ,"hahahah 
the vape peripheral "
the vape peripheral ,"Holy shit 
""Give this man a fucking promotion immediately "
"""Give this man a fucking promotion immediately ",I would also re name the game to cocksmith
I would also re name the game to cocksmith,with these ideas you‚Äôre right on track for a senior role 
with these ideas you‚Äôre right on track for a senior role ,Se√±or technical designer 
Se√±or technical designer ,hahaha
hahaha,"(‡∏á Õ†¬∞ ÕüŸÑÕú Õ°¬∞)‡∏á
[Video]"
[Video],"Lol
Is that the living room?"
Is that the living room?,I'm gonna get S on the stars and stripes 
I'm gonna get S on the stars and stripes ,Play William tell overture 
Play William tell overture ,"you have to do zarathustra 
it‚Äôs the best one "
it‚Äôs the best one ,Naaah bro Havana nagila is goated
Naaah bro Havana nagila is goated,"lmao that one got me too
just the fact that it‚Äôs in there 
i love that the lyrics are there too
goddd this game is so good "
goddd this game is so good ,I feel very overstimulated
"Yooo you guys catch the new blowback imitator podcast?
https://twitter.com/cia/status/1573018283162337284?s=46&t=sbV2mdfQS-Hln7rbpJ8Aiw",Lol whyy
Lol whyy,Hahahahahaha I am genuinely curious what the CIA's own podcast would be like
Hahahahahaha I am genuinely curious what the CIA's own podcast would be like,"Yeah like, what are they actually going to do"
https://youtu.be/5lyEqhMC6EA,"oh shit i didn‚Äôt see this til now sorry 
fuuuuck "
fuuuuck ,Also shit we only saw this bc we were sendin‚Äúdo the pingu‚Äù
Also shit we only saw this bc we were sendin‚Äúdo the pingu‚Äù,"yeah lol 
unfortunately tuckers making a pizza rn lol"
unfortunately tuckers making a pizza rn lol,"Oooh shit 
Hahaha no worries, thanks for the hasselhof pingu
Is this fucking real? Lol"
Is this fucking real? Lol,Apparently it‚Äôs a Switzerland only release
Apparently it‚Äôs a Switzerland only release,How'd that pizza turn out?
How'd that pizza turn out?,"lol it was a series of 7-11 pizzas 
they‚Äôre way too good for what they are though "
they‚Äôre way too good for what they are though ,"Hahahhahahahahahah
I'll have to give it a shot"
I'll have to give it a shot,They‚Äôre way better than frozen pizza should ge 
They‚Äôre way better than frozen pizza should ge ,"you wanna do something tomorrow tho? 
gonna be rainy so could do a movie day or something 
or actually 
trombone day "
trombone day ,"Suuuure 
Hahhahahahahhaha"
Hahhahahahahhaha,Watch
Watch,I've been working on my stars and stripes
I've been working on my stars and stripes,Gundam.?
Gundam.?,s rank when?
s rank when?,YEEEEEEEEESSS
YEEEEEEEEESSS,Noooo
Noooo,"Do they have Gundam wing abridged? Similar to dragon ball z abridged?
I'd watch that shit "
I'd watch that shit ,lol i bet they do 
lol i bet they do ,"https://www.google.co.jp/search?q=gundam+winf+abridged&ie=UTF-8&oe=UTF-8&hl=en-jp&client=safari#fpstate=ive&vld=cid:9c3e02c4,vid:qW4dY7w8Mz0,st:0
There‚Äôs more than one"
There‚Äôs more than one,"Thank you god, finally something good to watch"
"Thank you god, finally something good to watch","OH FUCK
THE NEXT ONE IS XOMI GLIT
https://youtu.be/zmvhQtd4zTk
I‚Äôve been waiting for YEARS"
I‚Äôve been waiting for YEARS,I'm oozing with excitement
Lmao,"https://youtu.be/5G3EA9E_x68
Toonami stule trailee
I fickinf love gundam wing"
replaced my joy con cases ,Wow dope 
Wow dope ,Switch boy color
"nah not really, just playing games ","they have a blue one! 
ZOYUBS Nintendo Switch Joy-Con Color Replacement Case Shell for Nintendo Switch Joy-Con Replacement Case Analog Stick Cover Protective Cover Modified Repair Dress Case Cover Nintendo Switch Joycon Color Customization Joicon Waterproof/Stain Release Switch Light Accessory Set (Transparent Blue Button Cover) https://amzn.asia/d/3nfQwqC
movie?
i‚Äôm down to hang 
oooh yes i was wondering if you had any left over 
feel free to come by now or whenever you‚Äôre ready 
i‚Äôm gonna make some cookies too"
i‚Äôm gonna make some cookies too,oOoOO nice
oOoOO nice,oh can you bring that box cutter 
We're heading over,Sure
We're heading over,"kewl
we‚Äôre gonna head to the park soon 
 2-3 Yoyogikamizonoch≈ç, Shibuya City, Tokyo 151-0052, JapanÔºöhttps://maps.google.com?q=35.669268,139.698191"
" 2-3 Yoyogikamizonoch≈ç, Shibuya City, Tokyo 151-0052, JapanÔºöhttps://maps.google.com?q=35.669268,139.698191",We're gunna get some lunch then head over
9/11 claims another victim ,"coool 
can you guys bring a speaker?
oh yeah if not no prob"
9/11 claims another victim ,https://twitter.com/buttplugio/status/1573738178653040640?s=46&t=42jCRjYL-6flPgrafQrR2A
https://twitter.com/buttplugio/status/1573738178653040640?s=46&t=42jCRjYL-6flPgrafQrR2A,he didn't have to use a dildo but i'm glad he did 
he didn't have to use a dildo but i'm glad he did ,This is the most important video in gaming today
This is the most important video in gaming today,tell scarlett to add me 
was wondering why I was getting recommended zoroastrian chants suddenly,hahahhahaha
hahahhahaha,you look up ONE chant and that's it forever
you look up ONE chant and that's it forever,you look up FOUR different chants in a show and that's it
you look up FOUR different chants in a show and that's it,https://twitter.com/gumby4christ/status/1574424941415497728?s=46&t=3BjRUbJ0ipVcLKZY80L_Tg
jesus christ dp,[Sticker]
[Sticker],I like the idea of people in the CIA being genuinely confused like... What? How could people be upset about this?
I like the idea of people in the CIA being genuinely confused like... What? How could people be upset about this?,"everyone acts like the CIA is some super puppet master shit running the show behind the scenes 
when apparently nobody thought that htis post would get backlash"
"@„Çπ„Ç≥„Éï„É™„É≥ Scott remember how you were like ‚Äúwho‚Äôs gonna rent one of those speaker trucks?‚Äù 
well apparently they‚Äôre using them to ruin abe‚Äôs funeral lol
with edm ",hahahahahhahaha that's sick
hahahahahhahaha that's sick,"Yeah my parents live near where it‚Äôs happening and like
I guess there‚Äôs a HUGE protest
[Video]
In the very end you can kind of hear the truck"
In the very end you can kind of hear the truck,"hahahha yeah i hear it
damn that's wild
part of me is almost like, the man already got aced in the funniest way possible, just let him die
but then i'm instantly like, naaah fuck this guy, fuck his funeral"
"but then i'm instantly like, naaah fuck this guy, fuck his funeral","It‚Äôs funny that everyone normal was like ‚Äúhmm hmm good leader hmm hmm can‚Äôt vote for anyone else‚Äù
And like the day he dies everyone‚Äôs like ‚Äúoh no so sad he worked so hard for everyone‚Äù
And then a month later it‚Äôs like ‚Äúnah dude fucking sucks and his assassin was right‚Äù"
And then a month later it‚Äôs like ‚Äúnah dude fucking sucks and his assassin was right‚Äù,everyone in america was way more sad about it then over here
everyone in america was way more sad about it then over here,"Meghans mom who is Japanese was sad. She was like ""why did they have to kill Mr Abe"""
"Meghans mom who is Japanese was sad. She was like ""why did they have to kill Mr Abe""",aaaaaw
aaaaaw,"It was kinda cute
Lol
But then again she watches NHL America 24/7
Nhk"
Nhk,hahahahahahahahahah
hahahahahahahahahah,"jen also was like 
‚Äúomg‚Ä¶ he died‚Ä¶ that‚Äôs so sad ‚Äú
‚Äúhe was just an old man‚Äù"
‚Äúhe was just an old man‚Äù,He got killed by an anti moonie right?
He got killed by an anti moonie right?,"yeah
[Video]"
[Video],damn
damn,"apparently they're doing a 21 gun salute with ARTILLERY
parent's building is shaking"
parent's building is shaking,jesus christ
https://twitter.com/drilhistorian/status/1575291883869331458?s=46&t=X7xLK_RnVE9tDcFXU2pUvQ,"RIP coolio
https://twitter.com/TheRealVirgil/status/1575291603299753984?s=20&t=umvMxKchK6ehjA9IEG7s5g"
https://twitter.com/TheRealVirgil/status/1575291603299753984?s=20&t=umvMxKchK6ehjA9IEG7s5g,lol that bulge
lol that bulge,No viagra 
No viagra ,"hahahahah working loser
are you on the vpn?
also did you run 'update-managed-repos' before running system-update?"
also did you run 'update-managed-repos' before running system-update?,Oh shit crispa actually took the 90
Oh shit crispa actually took the 90,https://www.youtube.com/watch?v=Tsvd-czc3-w
https://www.youtube.com/watch?v=Tsvd-czc3-w,"the error i got was when running update-managed-repos
but i figured it out, i had some old temporary override for the nexus address in my hosts file that wasn't working anymore
god it's like i'm setting up a new machine
3 months is a long time
everything is out of date"
everything is out of date,Yeah it's crazy how fast everything breaks if you don't keep up with the incremental changes 
Yeah it's crazy how fast everything breaks if you don't keep up with the incremental changes ,"yeah if you want to minimize problems you need to run system-setup like once a month
though even if you do, randomly something will break and you're like ""well i have no fucking clue what's wrong, time to spend the next two hours running all hte update scripts and see if that fixes it"""
"though even if you do, randomly something will break and you're like ""well i have no fucking clue what's wrong, time to spend the next two hours running all hte update scripts and see if that fixes it""","haha yeah its such a nightmare
lol"
lol,Ohhh no
Ohhh no,we needed to hear this in 2022
we needed to hear this in 2022,"i've always wondered what incubus's favorite band was
https://twitter.com/DieAlfaro/status/1575141833159614464?s=20&t=w8xIgilSO8uIc1W2MBeHdg"
https://twitter.com/DieAlfaro/status/1575141833159614464?s=20&t=w8xIgilSO8uIc1W2MBeHdg,the comparison is so strong and i don't understand why
"neighbor's fancy lad cat escaped
hes' so friendly
he desperately wants to go back inside
they have a little window on their door and he keeps looking in longingly
but they arent' home
cleo is actually at the vet today so we thought about bringing him in 
but idk when my neighbors get home so i'd feel weird if they came back in like 10 minutes and i had to explain that i took their cat",that's the definition of a poor baby right there
that's the definition of a poor baby right there,"they have really young kids so i'm hoping they wont' be gone for too long
hopefully they didn't decide to go on a family vacation
we gave him some water"
we gave him some water,"yeah that's tough, don't cant to take their cat, but also would be so sad if the cat got tired of waiting at the door and wondered off"
"yeah that's tough, don't cant to take their cat, but also would be so sad if the cat got tired of waiting at the door and wondered off","yeah
he seems to be too much of a fancy lad to stray too far from the house luckily
he literally pawed at the door like a dog
outside looking in moment"
outside looking in moment,hahahahahahhah god damn so cute
hahahahahahhah god damn so cute,crazy though because i think this is like one of those $10k cats
crazy though because i think this is like one of those $10k cats,yeah think you gotta pay like 10k for long hair foldy ears
yeah think you gotta pay like 10k for long hair foldy ears,"yeah
those neighbors have a really fancy house so wouldnt surprise me
ive seen the cat outside before but he's always on a leash tied up
he doesn't seem to know what to do with freedom"
he doesn't seem to know what to do with freedom,he's not built for it
he's not built for it,took a picture of him then too lol
took a picture of him then too lol,that cat could win a beauty padgent
that cat could win a beauty padgent,i know he‚Äôs exquisite 
i know he‚Äôs exquisite ,he's the friendliest boy too
he's the friendliest boy too,so soft too 
so soft too ,he just walks over and lays on your feet
he just walks over and lays on your feet,"yeah not scared at all 
wants pets 
there are a lot of strays over here so i'm actually worried he'll get buillied
that would probably be the only thing that would make him actually leave the area, if one of the strays came after him"
"that would probably be the only thing that would make him actually leave the area, if one of the strays came after him",that boys not winning any kind of hissing contest
that boys not winning any kind of hissing contest,"yeah definitely not a cagefight contestant
probably not a great ratter"
probably not a great ratter,"imagine him vs her 
shes tough
seen her stand off with another neighborhood cat before"
seen her stand off with another neighborhood cat before,mean muggin' em
mean muggin' em,"i actually did leave them a note
telling them that their cat got out and he seems to want back in but if he‚Äôs not there he‚Äôs probably just in the neighbors garden since he was kinda wandering around there 
but there‚Äôs another neighbor that keeps looking out the window at him so if we took him in to take care of him she might think we‚Äôre stealing him 
he‚Äôs just laying in front of their door right now so i don‚Äôt think he‚Äôs going anywhere "
he‚Äôs just laying in front of their door right now so i don‚Äôt think he‚Äôs going anywhere ,"yeah its probably fine
good chance the family has him chipped anyhow even if he does wonder off"
good chance the family has him chipped anyhow even if he does wonder off,"ah yeah true, i didnt think of that
and no one who finds him is gonna think he's a stray"
and no one who finds him is gonna think he's a stray,hahahah yeah i'd hope not
hahahah yeah i'd hope not,I guess i'm worried that he doens't have a collar
I guess i'm worried that he doens't have a collar,"in other news
https://twitter.com/HolyWowStudios/status/1574762086214819847?s=20&t=w8xIgilSO8uIc1W2MBeHdg"
earlier today we walked by your guys place to see if the fancy lad was still out and about lol,real heroes dont wear capes
earlier today we walked by your guys place to see if the fancy lad was still out and about lol,"hahahah 
did you see him?
the neighbors came home around 3 
i was actually kinda sad 
for a moment he was ours "
for a moment he was ours ,"aaaaah damn we were too late
we went by about 4"
we went by about 4,awww just missed him 
awww just missed him ,"noooo
he was so nice"
he was so nice,"i‚Äôll let you guys know first thing if he gets out again 
would be funny if he became a neighborhood attraction 
we should give him a name 
i was thinking either snowball or taro "
i was thinking either snowball or taro ,gyoza
gyoza,"muffin 
pete 
bojangles"
bojangles,"cant go wrong with snowball
the most reliable of all the cat names"
the most reliable of all the cat names,"yeah 
he IS mostly white "
he IS mostly white ,mimikaki
mimikaki,"works for boy and girl cats too 
not to be too heteronormative or anything 
lol that‚Äôs pretty good "
lol that‚Äôs pretty good ,look it's our boy
look it's our boy,"Á∂øÊ£í
apparently that bit is actually for brushing earwax away 
not just decorative "
not just decorative ,"yeah
it feels really nice"
it feels really nice,my ear wax is way too hard and TOUGH to get brushed away by that soft ass shit
my ear wax is way too hard and TOUGH to get brushed away by that soft ass shit,i think japanese ppl are more likely to have the dry kind of ear wax cuz if i put that in my ear it would be disgusting 
i think japanese ppl are more likely to have the dry kind of ear wax cuz if i put that in my ear it would be disgusting ,"lol right
it comes out looking like a horsehair paintbrush"
it comes out looking like a horsehair paintbrush,lmao eww
lmao eww,rubber cement brush
rubber cement brush,lol
sounds cool,"THEY RETCONNED SLEAZEBAGGANO
""Elan Sel'Sabagno, also known as Elan Sleazebaggano, was a male Balosar death stick dealer on the planet Coruscant during the Separatist Crisis.
The character was named by Star Wars creator George Lucas.[7] In Star Wars Legends, the character was identified as Elan Sel'Sabagno.[8]"
sounds cool,Yeah (Yes)
Yeah (Yes),sorry no babies are welcome
sorry no babies are welcome,"ooh yeah looks cute 
lol"
lol,"oh wait we have to cross the road?
fuck that 
I'm loyalty to my side"
I'm loyalty to my side,Baaaaaaaaby Tucky
Baaaaaaaaby Tucky,why did the tucky cross the road 
why did the tucky cross the road ,Because he a baby 
Because he a baby ,bingooo 
bingooo ,"Gottem 
I'm drunk "
I'm drunk ,"hahahaha
what time even is it where you are "
what time even is it where you are ,6am
6am,"lolll
@Vi„Åø„Åäüê¨ what time do you wanna go?
oh ok we can meet you in a few min 
we‚Äôre at the crosswalk now 
lol alex dropped into a splatoon game i was playing, probably by accident, then he quit the lobby and deleted me from his friends 
what a weirdo‚Ä¶"
what a weirdo‚Ä¶,Imagining the freak out
Imagining the freak out,"for a short moment i thought maybe it was an olive branch but of course no, he‚Äôs just even more of a neurotic freak than i thought"
Reeeeeeeeeeeeee,https://twitter.com/bombermanhero/status/1576726436894777344?s=46&t=EsVhhtEYBtM7uC3OYcc-3w
https://twitter.com/bombermanhero/status/1576726436894777344?s=46&t=EsVhhtEYBtM7uC3OYcc-3w,"lol thats awesome
did you guys see
ryan reynolds is going to tell us about the future of work"
ryan reynolds is going to tell us about the future of work,"Lol
Thanks Ryan"
Thanks Ryan,"he learned a lot about working while on the set of ""waiting""
in 2003"
Yeah maybe if you're dp,Oooooooooo
Yeah maybe if you're dp,It's true
"Oh wow, what a neat idea
I was smoking outside my hotel and willow happened to drop someone off there 
And now I have to have lunch with her
Fucking kill me ",Lol your in Austin?
Lol your in Austin?,But I'm going to see smashing pumpkins with Jessica tomorrow so that's kinda sick 
But I'm going to see smashing pumpkins with Jessica tomorrow so that's kinda sick ,lol she just messaged me and asked if she could have your line contact
lol she just messaged me and asked if she could have your line contact,Hahaha yeah some dumb aggops meetup thing
Hahaha yeah some dumb aggops meetup thing,why is she asking everyone but you
why is she asking everyone but you,Should we do it crista. Should we ruin Scotts trip
Should we do it crista. Should we ruin Scotts trip,Lol who knows
Lol who knows,"hahahhahah
i have never felt more powerful"
i have never felt more powerful,"Lol
You can experience the same pain I did"
You can experience the same pain I did,wonder if they'll play anything from the new 5 hour long album
wonder if they'll play anything from the new 5 hour long album,Lol
Lol,the single funniest thing that could happen
the single funniest thing that could happen,"She can literally just slack me. Also I'm pretty sure I have her on line 
One can only hope. I really hope it's fucking terrible I can't wait"
One can only hope. I really hope it's fucking terrible I can't wait,no matter what you'll get to see billy corgan in the flesh so it can't be that bad
no matter what you'll get to see billy corgan in the flesh so it can't be that bad,Can't be that bald*
Can't be that bald*,"also i dont even know how to respond to willow, how do i be like ""its kinda weird to ask me to give you someone else's contact info""
lol"
lol,I hope he's wearing his fat ass priest outfit
I hope he's wearing his fat ass priest outfit,It would suck if they only played stuff after 2010
It would suck if they only played stuff after 2010,that would be so funny
that would be so funny,yeah it would suck if they played the hits
yeah it would suck if they played the hits,A concert for only real pumpkin heads
A concert for only real pumpkin heads,"i hope they play solara
mime birth on stage"
mime birth on stage,I saw them once in 2012 or something and the crowd boood because they only played new shit for the majority of the concert
I saw them once in 2012 or something and the crowd boood because they only played new shit for the majority of the concert,looool
looool,Lol
Lol,"Why does she offer to get lunch???? Willow I don't fucking know you, we were barely tangentially friends
We don't have to make plans to see each other"
We don't have to make plans to see each other,Lol 100% she's just going to watch you eat because she's doing ketosis 
Lol 100% she's just going to watch you eat because she's doing ketosis ,ask for a sniff
ask for a sniff,Lol that is what she did
Lol that is what she did,you should've said that you were seeing smashing pumpkins twice
you should've said that you were seeing smashing pumpkins twice,She sniffed my sausage at the renfaire
She sniffed my sausage at the renfaire,why is she asking multiple line groups for your line info instead of slacking you
why is she asking multiple line groups for your line info instead of slacking you,She smelled meghans fries
She smelled meghans fries,isnt sausage keto anyway? she could have had one
isnt sausage keto anyway? she could have had one,Why did they put me on the second floor of this hotel? I can't even jump off and kill myself
Why did they put me on the second floor of this hotel? I can't even jump off and kill myself,Yeah but I ate most of it
Yeah but I ate most of it,"hahahahaha
now that she knows you're there maybe she'll drop by for a night cap
just walk up to the check in desk and ask for your room number "
just walk up to the check in desk and ask for your room number ,She also said that I lost weight which is funny because I'm definitely the heaviest I've been since being in Tokyo
She also said that I lost weight which is funny because I'm definitely the heaviest I've been since being in Tokyo,god she has such weird aunt energy
god she has such weird aunt energy,I appreciate that willow has literally left the country and we are still having these conversations
I appreciate that willow has literally left the country and we are still having these conversations,She's nuts
She's nuts,Hahhahahahahhaha
Hahhahahahahhaha,"god damn now i wish scottbot still worked
i could give her that line instead
that would be so funny"
that would be so funny,Lol
Lol,"Hahhahahahhahahhahhaha
The cruelest of pranks 
Because she actually could never notice the difference"
Because she actually could never notice the difference,"considering how rarely you two interacted how would she?
this feels like F.R.I.E.N.D.S.
chandler bing goes on a business trip and runs into the ""annoying guy"" from season 3 and the studio audience goes while
wild"
wild,Make it stop 
Make it stop ,i do like how frantically she messaged everyone trying to get a hold of you
i do like how frantically she messaged everyone trying to get a hold of you,yeah she wasted no time
yeah she wasted no time,DOES ANYONE KNOW MY NEPHEWS PHONE NUMBER
DOES ANYONE KNOW MY NEPHEWS PHONE NUMBER,That's my drunk selfie face
hahahahhaah,"lol
doesnt even know his last name"
doesnt even know his last name,Scott scotto 
Scott scotto ,"i just ignored her
i just looked in slack and there aren't THAT many scotts, surely you'd be able to figure it out from the profile picture "
"i just looked in slack and there aren't THAT many scotts, surely you'd be able to figure it out from the profile picture ",Lol
All she ever had to do was look up Scott in her line contacts,lol is she actually already your friend 
It never ends,Yes
It never ends,Willow at the building looking for you 
Willow at the building looking for you ,Hahahhahahahah
Hahahhahahahah,You can run but you can't hide
"lmao
she sent me yet another message saying she found you ",Lol
Lol,"lol
just in case you were wondering
well it's great scott, you're definitely gonna hear all about it from the horse's mouth"
"well it's great scott, you're definitely gonna hear all about it from the horse's mouth",how were the pumpkins 
Cute ,"hahahah 
guess she had to figure out your last name to send that "
guess she had to figure out your last name to send that ,"Alright you content monkeys
Just remember I did this for you
It's all for you
[Video]"
[Video],I want to know if she is just going to smell your food while you eat
I want to know if she is just going to smell your food while you eat,Content
Content,YESSSS
YESSSS,Lol
Lol,thank god they played it 
thank god they played it ,"It was a blessing
I was laughing but there was no one to laugh with"
I was laughing but there was no one to laugh with,No one in the crowd is moving
No one in the crowd is moving,"It was actually on of the better songs they played because they out in a dope drum solo 
The fuck front of stage has chairs 
So everyone has to stand in place lol 
So bunk "
So bunk ,Oh what
Oh what,"Jessica wanted to sneak downstairs and I was like, why just so we can sit there?"
"Jessica wanted to sneak downstairs and I was like, why just so we can sit there?",Those are all seats?
Those are all seats?,Yes
Yes,Noticed they aren‚Äôt really moving
Noticed they aren‚Äôt really moving,"Hahaha 
Makes sense all their fans have back problems now"
Makes sense all their fans have back problems now,"Hahahah yeah they couldn't move even if they were under 45 years old hehehehehe
Dan knew immediately"
Dan knew immediately,Lol
yeah nintendo has these proprietary screws that are impossible to remove even with the right tools,"omg thats awesome
imagine getting front row SEATS to the pumpkins
i also got a back plate for the switch itself but i had to order a new screwdriver for the hundredth time because i can‚Äôt get the damn screws out 
the kit even came with one but it was like, not machined at all? like it was supposed to be a screwdriver but they forgot to carve the tip so it‚Äôs just a pointed metal bar 
young tuck 
he called the light on top of the taxi the ‚Äútaxi hat‚Äù "
he called the light on top of the taxi the ‚Äútaxi hat‚Äù ,"For some reason I can‚Äôt stop talking 
Also lol no crista bought a vcr
So I put underwear on my head 
""And my mom goes ‚ÄúI‚Äôll show this to your girlfriend‚Äù"
hahahah yeah splice together him and his dad saying ‚Äúhow do you define mercy‚Äù,"tuckers dad: ‚Äúno those are not the ROMANS, they‚Äôre the PHONECIANS‚Äù
it‚Äôs like a window into the future papa tuck
this particular clip is so good 
‚Äúdad, what is mercy?‚Äù
(dad looks at camera) ‚Äúhow do we explain‚Ä¶ mercy‚Äù
it makes so much sense 
tuckers bedtime story book 
an actual time 
tome 
soooo cuuuuteee 
in this video where tucker is sleeping, his dad has a balloon with a string on jt and he wraps the strings of the balloon around his neck like a noose 
so hope you guys are ready to make a movie 
hahahah yeah like a movie trailer 
joker 2
hahahah 
it works too well"
it works too well,for some God damn reason
for some God damn reason,Some things never change 
Gottem ,I think it's just as crazy that they speak in full sentences
I think it's just as crazy that they speak in full sentences,I feel like I'm on the same wavelength as that baby
I feel like I'm on the same wavelength as that baby,"found a good twitter https://twitter.com/MostControPod
@Baby Dp this you"
@Baby Dp this you,"https://twitter.com/DontShowYourCat/status/1580166014305992704?s=20&t=wwBQIy2HRupz5GjTAYbSnw
look at thim"
look at thim,Lol fuuu
Lol fuuu,"lmao
perfect
Who would win in a Lawyer battle?
lawyer battle"
lawyer battle,"Attournamet 
Lol "
We just finished dinner :(,Bitches
Bitches,are you back now scoot 
yaaaay,Why?
"I don't know, I should have stayed in LA, I could feel my dreams coming to life with each passing day there",Live m√°s
Live m√°s,Lol you went to LA?
Lol you went to LA?,Yeah just for a couple days after the work trip 
Yeah just for a couple days after the work trip ,Noice 
Noice ,"so close to your big break 
too bad chapo wasn‚Äôt looking for a new guy "
too bad chapo wasn‚Äôt looking for a new guy ,"Hahahahhahahah
My offer to be their ""Japan guy"" just wasn't compelling enough"
"My offer to be their ""Japan guy"" just wasn't compelling enough","foreign correspondent
just think of how clutch a japan guy would have been when abe was shot
gotta come up with your elevator pitch for next time"
gotta come up with your elevator pitch for next time,"""We got scootyboots, reporting in live from Tokyo, what's going on over there? "
"""We got scootyboots, reporting in live from Tokyo, what's going on over there? ","hahahah
""it's like something you'd see out of an anime folks - the daimyo has been samurai slashed not with a katana, but with a makeshift shotgun""
""also i just got this farewell email from someone i've never heard of before 
""and the """"If you don't know me or we have never had a chance to work together, please stop reading.
""this is not for you"""
"""this is not for you""","Hahahahhahahah
Yeah no one says that "
would you guys wanna get dinner tonight?,Yeah I'm down
Yeah I'm down,do you guys have anything you've been wanting to try? if not we could see if we can get in at the miyazaki-ken place that's next to the udon place
do you guys have anything you've been wanting to try? if not we could see if we can get in at the miyazaki-ken place that's next to the udon place,oh that'd be cool
oh that'd be cool,yeah as long as it's not full
yeah as long as it's not full,Yeah I do wanna try that place
what time do you think you‚Äôll be done w work ,"Vi playing dumb internet games with coworkers
She's usually done around 8"
She's usually done around 8,cool 
cool ," Miyazaki time??
Cool cool we‚Äôre heading out in a bit"
Cool cool we‚Äôre heading out in a bit,"should we get a table? there‚Äôs an open one 
lucky 
cool 
yeah we left early to see if there was any free space since it seems to always be busy 
but it‚Äôs mostly empty 
can you send me a video of when me and michelle were kids? 
my friends saw the videos of tucker and they want to see me now 
lol meant to send to my parents "
"Sure, though we‚Äôre not really up and about yet
nice
omg
can cleo play nice with a bunny",we‚Äôre on our way now!
we‚Äôre on our way now!,lol
lol,That's gotta be Peru 
think so yeah,yeah baybeee
Yaaaaaaaaaaay,"is there an acceptable way to say ‚Äúplease stop DMing me ‚Äúhi crista‚Äù and waiting for me to respond before telling me what you want‚Äù 
our contractors do this constantly and maybe it‚Äôs unfair but i find it so annoying "
our contractors do this constantly and maybe it‚Äôs unfair but i find it so annoying ,"hahahahahahahaha 
That's insanity, I actually don't think anyone's done that to me "
"That's insanity, I actually don't think anyone's done that to me ","i swear every single contractor i‚Äôve worked with does this 
like what am i supposed to say 
just say hi back?
hi what do you want?
i usually just ignore them til they nut up and tel me what they need 
would you leave someone a voicemail saying hi "
would you leave someone a voicemail saying hi ,"Sup buddy!
You chillin? What's good?"
You chillin? What's good?,Lol
Lol,"how about that yen adjustment...
pretty funny that they were paying like 400 people less than a living wage tho"
pretty funny that they were paying like 400 people less than a living wage tho,"Hahahaha yeah
Probably security/janetorial staff or some shit "
Probably security/janetorial staff or some shit ,"yeah i immediately scrolled to the end of the email expecting some line like ""please note this does not affect contract employees""
remember when that guy fell off the parking garage and indeed was like, not helping him with medical bills"
"remember when that guy fell off the parking garage and indeed was like, not helping him with medical bills",Oh GOD I forgot about that
Oh GOD I forgot about that,"and it was like a maintenance guy or something, so someone who def couldn't afford it on his own"
"Yeah first question is just ‚Äúwhat about contractors‚Äù
Oh wait if we paid contractors a living wage we wouldn‚Äôt need contractors","Lol yeah, what's the point"
"Lol yeah, what's the point",https://www.youtube.com/watch?v=W-59sWasI98&ab_channel=HenryZhou%27sTextbook
https://www.youtube.com/watch?v=W-59sWasI98&ab_channel=HenryZhou%27sTextbook,hahahahahahahahahahahahahhaahahah
hahahahahahahahahahahahahhaahahah,"so good
the giant trombone"
the giant trombone,hahahahahha yeah
hahahahahha yeah,the game allows custom songs now
the game allows custom songs now,"the floodgates are officially open
when do we make renai circulation nightcore?"
when do we make renai circulation nightcore?,finally the game is ready for what it was always meant to be
finally the game is ready for what it was always meant to be,STRUT
STRUT,"STRUT
HAHAHAHAHAHAHA"
HAHAHAHAHAHAHA,YEEEEEEEEES
YEEEEEEEEES,omgggg
omgggg,https://www.youtube.com/watch?v=nOkw8ArGxXk&ab_channel=jaiyrk
https://www.youtube.com/watch?v=nOkw8ArGxXk&ab_channel=jaiyrk,"hahahhahahahahahahahhahahahahahhahaah
lol this autoplayed after that video¬†https://www.youtube.com/watch?v=thEbQkcjUWk"
lol this autoplayed after that video¬†https://www.youtube.com/watch?v=thEbQkcjUWk,"this rules
the bubble noises"
the bubble noises,"hahah yeah, they didn't have to take it that far, but i appreciate they did"
"hahah yeah, they didn't have to take it that far, but i appreciate they did",Time to create a service like beatsense for tromboner hero
Time to create a service like beatsense for tromboner hero,"communal tromboning
(sign up to receive three free toots)
https://www.youtube.com/watch?v=VQ1SThsPMVo&ab_channel=DJVIBEKILLER"
https://www.youtube.com/watch?v=VQ1SThsPMVo&ab_channel=DJVIBEKILLER,"hahahahahhahahahh i listened to this
so many abominations in here"
so many abominations in here,"lmao
I love this concept too"
I love this concept too,"15 is so good
16 too"
16 too,I'm only at the fitter happier slog
I'm only at the fitter happier slog,9. Viva la Vida
9. Viva la Vida,why the fuck is James Corden here
why the fuck is James Corden here,singing nothing compares 2 u
singing nothing compares 2 u,the transition from videotape to viva la vida
the transition from videotape to viva la vida,"too bad viva la vida is actually a banger
this version is actually pretty good lol
better than normal radio head"
better than normal radio head,"yeah it's a real song for starters
also big ups for 15 seconds of radioactive
LOL"
LOL,the encore
the encore,"18
IDIOTECHE but it's 4x SPEED"
IDIOTECHE but it's 4x SPEED,FASTER JOHNNY
FASTER JOHNNY,https://twitter.com/yugopnik/status/1582491170663706624?s=20&t=odPN0bXn7rQbUnW7q84E9Q
https://twitter.com/yugopnik/status/1582491170663706624?s=20&t=odPN0bXn7rQbUnW7q84E9Q,"HAHAHAHAHAHAHHAHAHAHA
expertly executed bit"
expertly executed bit,"this could've been a quick tweet. but no
it's the good shit"
it's the good shit,i guess tic tok does have some real value
https://www.reddit.com/r/japanlife/comments/y7q1s5/looking_for_a_shop_similar_to_hot_topic_in_tokyo/?utm_source=share&utm_medium=ios_app&utm_name=iossmf,"also interested in techwear recomendations!
jesus christ, what a great signoff"
"jesus christ, what a great signoff",Also first comment: village vanguard 
Also first comment: village vanguard ,"that was my first thought
also like any furugiya sells new band shirts
why doesnt this dude just shop online"
why doesnt this dude just shop online,Yeah like literally go to shimo 
Yeah like literally go to shimo ,cant be that hard to find a metallica tee
cant be that hard to find a metallica tee,70% of the stores have a crappy band tee section
70% of the stores have a crappy band tee section,shopping online just doesn't give that same THRILL as hitting up a hot topic
shopping online just doesn't give that same THRILL as hitting up a hot topic,"honestly true
trying to buy some stuff from US amazon, subtotal $180...
3 man :("
3 man :(,"lol
i just came back from the US okay, i don't wanna hear it"
"i just came back from the US okay, i don't wanna hear it",hahaha oh yeah bet your wallet's feeling light
hahaha oh yeah bet your wallet's feeling light,"i haven't even looked yet, i don't wanna know the damage
on top of having to buy a new phone while i was there lol"
on top of having to buy a new phone while i was there lol,"i was buying a new pillow but figured i'd pick up some other stuff to take advantage of the shipping, so i looked up some hefty bags because im tired of my trash bags ripping when i take them out of the garbage can
a 120 pack of trash bags is $20
what the fuck"
what the fuck,"hahahahahahahahahah
jesus"
jesus,the (shitty) trash bags we get here are like 200 yen
the (shitty) trash bags we get here are like 200 yen,you can get thick trash bags here too
you can get thick trash bags here too,where
where,not quite hefty but still
not quite hefty but still,"the ones i got said theyr'e ""super strong"" but they rip even more easily than the ones from 711
i rip them putting them INTO the trash can somehow"
i rip them putting them INTO the trash can somehow,"mmmm the super market i think, just gotta look for the ones with the highest Âéö„Åïnumber"
"mmmm the super market i think, just gotta look for the ones with the highest Âéö„Åïnumber",hmm maybe ill look before i splurge on american excellence
hmm maybe ill look before i splurge on american excellence,Hefty
Hefty,"oh my god this jacobin article 
hahahahhaha
remember when jeremy lives in super han's bathtub in a sleeping bag
goals"
goals,"HAHAHAHAHHahahha what?
the whole point of the show is that mark pays for everything"
the whole point of the show is that mark pays for everything,"has this person even seen the show?
he becomes almost homeless several times "
he becomes almost homeless several times ,"seeing the character jeremy and being like #goals is fucking hilarious
hahahahahahhahaha"
hahahahahahhahaha,"""this article is unhinged "
"""this article is unhinged ","""nstead, he takes drugs, goes to the pub, has escapades, and pursues a series of disastrous love affairs ‚Äî all of which seem preferable to working.""
uuuuuum yeah no shit bub
i refuse to believe this was written in good faith, this article is madness"
"i refuse to believe this was written in good faith, this article is madness",Madness?
Madness?,"it seems like a rightoid parody
so weird"
so weird,"This
Is
https://www.drivethrurpg.com/product/175393/Everything-is-Dolphins"
https://www.drivethrurpg.com/product/175393/Everything-is-Dolphins,"hahaha
you already played as a dolphin in our last game so should be easy to get back into the headspace"
you already played as a dolphin in our last game so should be easy to get back into the headspace,there is a surprising amount of dolphin themed rpgs
there is a surprising amount of dolphin themed rpgs,"my god tucker's team has like 3 guys on it who all have glasses and the same facial hair
and then there's one guy with like flowing blonde hair
though he too has the same facial hair
its like looking at tucker's faceapp"
its like looking at tucker's faceapp,Pathetic
Pathetic,"lmao
yeah until the two new hires it wsa like
facial hair clones"
facial hair clones,Just imagining a machine that pumps out tuckers all day
Just imagining a machine that pumps out tuckers all day,Nice Tucker. Get those mugs for the anniversary? Your old lady will love it
yeah buddy,She‚Äôs a freak for the ole indeed tumbler
FREAK CARROT,"What Kind of a Thing Is This?
this is from the local newspaer in bangor, maine in 1937
it surprised the staff photographer who is accustomed to freaks of nature
https://twitter.com/CBSSacramento/status/1582861764173209602?s=20&t=FJcwq5wBTFGFM56Z-8ifgA
nooooo"
nooooo,Liberals trying to destroy ALL our history 
HAHAHAHAHAHAHAHHAAHHAAH,"ive changed my mind, we need to have a bill maher watch party"
"ive changed my mind, we need to have a bill maher watch party","we were watching some of his early 2000s stand up last night, it was so fucking funny
one of his jokes was like... how republicans are too busy getting pissed off about gay people, instead of caring about our safety (being harder on middle easterners)"
"one of his jokes was like... how republicans are too busy getting pissed off about gay people, instead of caring about our safety (being harder on middle easterners)",hellllll yeahhhh
hellllll yeahhhh,"also the first couple minutes of this jim breuer special is actually jaw dropping¬†https://www.youtube.com/watch?v=TgxUkmr6AUw
he pantamimes beings arabic, riding a camel, and getting blown up by a bomb"
"he pantamimes beings arabic, riding a camel, and getting blown up by a bomb",hahaha tyeah i saw 2002 in the title and was like
hahaha tyeah i saw 2002 in the title and was like,while just shouting insane ALALALAJIJAB shit into the mic
while just shouting insane ALALALAJIJAB shit into the mic,"oh boy
the best time for comedy"
the best time for comedy,the BEST
the BEST,"also the fucking intro to this is incredible
rock concert"
rock concert,hahahahahahahahah
hahahahahahahahah,hes a rock start who tells it like it is
hes a rock start who tells it like it is,such an amazing time capsule
what the fuck,this is so accurate thouh?
this is so accurate thouh?,about 2 min in and hes done the arab voice for about 30% of the time
about 2 min in and hes done the arab voice for about 30% of the time,"not to be a lib nitpicker but
is this not a major self own
OSAAAMA *crowd goes wild*
rock outro plays"
rock outro plays,hahahahahahahahahahahha
hahahahahahahahahahahha,"i cant believe this was staged and filmed, pretty much everyone was making the same jokes for free"
"i cant believe this was staged and filmed, pretty much everyone was making the same jokes for free",i actually could not believe what i was watching
i actually could not believe what i was watching,this is before americans learned how to even be comprehensively racist about the middle east
this is before americans learned how to even be comprehensively racist about the middle east,"hahaha yeah exactly
this was a whole new frontier of racism"
this was a whole new frontier of racism,"this is like trying to write racist humor about lithuanians
or belgians or something"
or belgians or something,"lol his opener is all about how arabs are sand people and then he just pivots to
talking about having to take the train"
talking about having to take the train,"""fucking,,,,, waffles, like, waffles man"""
His new rules are so cringe ,"lol we watched one the other day about fat people 
primo stuff 
very funny "
Lmao,"https://twitter.com/thetrompwner/status/1583444716552871936?s=46&t=nPmimJctZLgGYTTXjOjgpw
You know what, for once they might be right "
lmao that comment ,https://twitter.com/odenhead/status/1583832504452071426?s=46&t=VXJvhPynbXBNfEWpczXZnA
Ah we already ate..!,yeah i ate like 4 mini pizzas so i‚Äôm stuffed 
yeah i ate like 4 mini pizzas so i‚Äôm stuffed ,"Losers
It's gunna be so good 
But it is your fault for being bad friends"
But it is your fault for being bad friends,Yeah but have you considered that you are a butt chugger?
Yeah but have you considered that you are a butt chugger?,hahaha 
hahaha ,"Interesting, I'll have to get back to you on this"
"Interesting, I'll have to get back to you on this",just played with a guy called Aryan and a guy called Deeznuts 
just played with a guy called Aryan and a guy called Deeznuts ,Dp and Aaron are playing Splatoon without everyone
Dp and Aaron are playing Splatoon without everyone,"Wow, very cool Deepee
https://twitter.com/birdrespecter/status/1584321656600027137?s=46&t=LrHxCyxwvSaZnvoV2wFWJg"
"i heard that the sequel to that movie X that we saw is actually good
the person hated X
but said the sequel was their fav movie of the year",Lol damn 
Lol damn ,im kinda intrigued now
im kinda intrigued now,This interaction needs to be archived in some historical capacity
https://code.corp.indeed.com/indeedapply/indapply-webapp/-/merge_requests/2485,"wasnt interested at all after seeing X
hey they had fennel at ozeki so i‚Äôm thinking of making a fennel risotto tomorrow night for dinner if you guys wanna come over and get in on it 
yaaaay 
maybe some scallops too if i can get them 
oops
meant to send this
thanks for the help asshole"
thanks for the help asshole,this is how I respond to 99% of slack messages
this is how I respond to 99% of slack messages,"honestly its king shit, this is how i want to respond most of the time but don't out of shame
the implication of the question was not so much ""do you know"" but ""can you help find out"" but dude did not care"
"the implication of the question was not so much ""do you know"" but ""can you help find out"" but dude did not care","lol seriously, throw me a fuckin bone here buddy"
"lol seriously, throw me a fuckin bone here buddy",Vishwas never changed
Vishwas never changed,lol
lol,Gattu outta here Vishwas! I'm looking for some help here!
Gattu outta here Vishwas! I'm looking for some help here!,hahahahaha
hahahahaha,Got em
"i'm coming over, let me know if you guys need anything","drinks? 
wine if you wanna get bougie (pinky)"
wine if you wanna get bougie (pinky),https://www.youtube.com/watch?time_continue=3&v=8r0TPD5NUQ0&feature=emb_title
https://www.youtube.com/watch?time_continue=3&v=8r0TPD5NUQ0&feature=emb_title,Can't wait to charge my shoes
Can't wait to charge my shoes,"are these powered heelies basically
I've always wanted to see someone walking like they were a poorly optimized game"
I've always wanted to see someone walking like they were a poorly optimized game,Hahahahahahahahah
Hahahahahahahahah,"""you can walk like a pro in ten steps""
really needed help with that thanks
also....
white guy in asian guy engineer space giving me big Dr. Hui Hu vibes"
white guy in asian guy engineer space giving me big Dr. Hui Hu vibes,"You'll be walking like a rod fish in no time
Walk so fast that mentally deranged people might mistake you for a 4 dimensional being"
Walk so fast that mentally deranged people might mistake you for a 4 dimensional being,the door is always open to the possibility that moonshoes might be real
the door is always open to the possibility that moonshoes might be real,"i was riding a scooter and almost got hit by a car and it made me wonder, what if i was the one hitting people on the pavement
hahah tesla namedrop
i was gonna say this seems like an elon idea"
i was gonna say this seems like an elon idea,As if you can't get hit by a car walking
As if you can't get hit by a car walking,Lol
they finally opened up that road they've been doing construction on forever,"oh shit really? 
gonna make getting to shimo a lot faster 
siiiick "
siiiick ,"whoah
we can go to shimo now"
we can go to shimo now,"lol
the not included part is good "
the not included part is good ,Hahaha fuckin brutal
"don‚Äôt do this to me man 
iherb was all sold out and i bought a terrible alternative ",Wow they just sell bottles of piss at the store now?
"Hahahahahahahaha 10/10 
Just too on the nose, my god ",https://twitter.com/parisnogas/status/1586324963291979776?s=46&t=DTFjLqEip2DE1IqoZWp3DA
https://twitter.com/parisnogas/status/1586324963291979776?s=46&t=DTFjLqEip2DE1IqoZWp3DA,my bonus this quarter was ¬•8000
my bonus this quarter was ¬•8000,"Hahahaha what
How is that possible?"
How is that possible?,"i do not know 
that seems wrong 
is it because i was on leave? i thought it was based on company performance"
is it because i was on leave? i thought it was based on company performance,I was gonna say did you score a negative 2
I was gonna say did you score a negative 2,lol seriously 
lol seriously ,"It's based on a percentage of however much money you earned the previous quarter I think
The better your eval the higher the percentage"
The better your eval the higher the percentage,The ol don't let the door hit you on the way out bonus
The ol don't let the door hit you on the way out bonus,"then it seems like the bonus should have been 0 since i made no money last quarter 
i guess i shouldn‚Äôt complain "
"So I went to see death from above and it turns out bass dude vape with same vape I have
I yelled Hella hard when he ripped one","hahahah hell yeah 
i used to think that guy was such a hottie in hs 
glad to see he has good taste "
glad to see he has good taste ,"He looks exactly the same
It's like he was stuck in a 2005 time loop"
It's like he was stuck in a 2005 time loop,So hype 
So hype ,To be fair I could not stop laughing 
To be fair I could not stop laughing ,"real recognize real
https://twitter.com/sw_moment/status/1587058657388281860?s=46&t=ToPEe66PD94-aLCeiHF9ZQ
https://twitter.com/knuckleheadbets/status/1587271348354781186?s=46&t=ToPEe66PD94-aLCeiHF9ZQ"
https://twitter.com/knuckleheadbets/status/1587271348354781186?s=46&t=ToPEe66PD94-aLCeiHF9ZQ,That IMac tho
That IMac tho,Rip Alexis from pizza hut 
Rip Alexis from pizza hut ,"i‚Äôve recently been going on reddit with a vpn enabled and most of the ads i get are about trials for different medications, but this is the funniest so far "
"i‚Äôve recently been going on reddit with a vpn enabled and most of the ads i get are about trials for different medications, but this is the funniest so far ","hahahahhahahah
The app that wants to fuck you for having such good habits"
The app that wants to fuck you for having such good habits,Good habits
"are you guys back from ishigaki yet? looks nice today, we could hit the park ",Aaah won't be back till Friday night
Aaah won't be back till Friday night,"oh for some reason i thought you were coming back yesterday 
how is it?
poor kid is at the park by himself again 
the park staff told him to be quiet "
"He's such a little shit, but after I saw that he plays so nice with the other kids, I feel bad for him ",Today he was yelling about „Ç¶„É≥„Ç≥„Éî„Ç∂
Today he was yelling about „Ç¶„É≥„Ç≥„Éî„Ç∂,Hahahhahahahhahaga
Hahahhahahahhahaga,"and climbing on top of the garbage can
but he has like zero supervision, what do you expect 
first time i saw him i thought he was annoying but now i just feel bad for him "
first time i saw him i thought he was annoying but now i just feel bad for him ,Yeah
Yeah,didn‚Äôt realize this is his every day 
didn‚Äôt realize this is his every day ,If you scream and yell and do basically anything to get some reaction from people and they ignore you through it all
If you scream and yell and do basically anything to get some reaction from people and they ignore you through it all,Yeeeeeah 
Yeeeeeah ,"he was standing on the garbage yelling and waving a tarp around and people were just going up throwing away trash GETTING HIT IN THE FACE BY THE TARP and ignoring him 
no one even like, hey get down you might get hurt if you fall "
"no one even like, hey get down you might get hurt if you fall ",Hahahahaahhahahahahahhaha
Hahahahaahhahahahahahhaha,kid knows how to make his own fun though that‚Äôs for sure 
kid knows how to make his own fun though that‚Äôs for sure ,He's a pro 
So insensitive,Finally a Romeo and Juliette for 2079
"In the Moof For love cinematic universe coming:
https://twitter.com/notebookmubi/status/1588112275013074947?s=46&t=Z_e-iEMP6ZBxbATh64JQ4w","Lol what the fuck 
Still gotta watch 2046"
https://www.youtube.com/watch?v=6q_0wxzClkg&ab_channel=TorqueTestChannel,"gotta watch it before 2046
damn, amazon best seller flashlights aren't truthful about their lumens
that's fucked. Up."
I swear if I had room in my bag I would have gotten this for you tucker ,hahahahaha omg 
hahahahaha omg ,Omfg
Omfg,is that a bug with a gun 
is that a bug with a gun ,"Bugdam 
https://twitter.com/gumby4christ/status/1588371880154894336?s=46&t=u9AZyLwWZqJvurmkXj5nLQ"
"This should be our new hobby
We're walking back from ikenoue now
Could stop by your guys place for a quick hang if you guys want","We're not doing nothing, if you guys wanna drop by!"
"We're not doing nothing, if you guys wanna drop by!",Okay!
cleo got all cozy while we were talking ,"Daaaaaaaw
Bored to death from all the stories"
Bored to death from all the stories,dog just can‚Äôt hang 
dog just can‚Äôt hang ,Doesn‚Äôt know how to have fun
Doesn‚Äôt know how to have fun,Really disappointing
i‚Äôm like irrationally pissed off by this ,Dumba 
Dumba ,maybe it‚Äôs because i got duped into buying an expensive bootleg part that was broken but i‚Äôm ready to go full karen on them 
maybe it‚Äôs because i got duped into buying an expensive bootleg part that was broken but i‚Äôm ready to go full karen on them ,"Hahahahahaha 
Rough"
Rough,"omg 
bizkit playing? "
bizkit playing? ,I think it's a theme night so just djs
"i honestly wouldn‚Äôt know what to expect 
are you gonna go ","Lol no
I'm gonna be going to Mexico "
I'm gonna be going to Mexico ,damn
damn,"first holiday party since 2019 and it‚Äôs a family day lol
they‚Äôre gonna have a face painter"
they‚Äôre gonna have a face painter,Woah indeed  doing Christmas party?
Woah indeed  doing Christmas party?,yeah first one since covid 
yeah first one since covid ,Waaaawy 
you guys see the eclipse? looks cool ,"Yeah we just saw it
So cool"
So cool,Wild 
Wild ,"Hahahahahahahahaha
Too bad they're not job seekers, can't value them "
"Too bad they're not job seekers, can't value them ","Don‚Äôt worry, they will be soon "
https://twitter.com/joel_bostic/status/1590119506361188352?s=12&t=7rmMNKse-iCd50U0mUepIA,"Once we fire them, we'll have their back for sure
Wanna work at Walmart? We got ya buddy"
https://twitter.com/numetal_moment/status/1590102635021209600?s=20&t=isbQ0RRaCIW5bI4HwGxofQ,"The most important tweet I've seen in the last 24 hours
Bro looks like he was a survivor of Woodstock 99"
Bro looks like he was a survivor of Woodstock 99,"hahaha
he was the guy who climbed the audio tower "
"We maked waffles and breakfast stuff
You guys want waffles","yeah sorry i wasn‚Äôt looking at my phone but we‚Äôre doing breakfast for dinner if you want in 
bacon eggs and waffles 
we have way too much so feel free if you haven‚Äôt made other plans yet "
we have way too much so feel free if you haven‚Äôt made other plans yet ,"We could watch equilibrium ü§©ü§©ü§©
Or Harry Potter: prisoner of Azkaban
Or CSPAN"
Or CSPAN,alrighty sounds good
alrighty sounds good,"We‚Äôve only got two strips of bacon left üò∞
But plenty of waffles and eggs"
But plenty of waffles and eggs,hahah the bacon's always the first to go
hahah the bacon's always the first to go,"yeah if you guys want i can make „Ç¶„Ç§„Éä„Éº if you pick some up but there was less bacon than i thought haha 
oh can you get milk "
oh can you get milk ,suuuuure
suuuuure,"oh yeah i forgot to mention, our upstairs neighbors just moved out 
you guys moved too early 
coulda been in at the sweetpea "
coulda been in at the sweetpea ,"Whaaaaaaaat that's bullshit
We could own the block "
We could own the block ,"i think it‚Äôs roughly the same size 
if it was bigger i‚Äôd consider moving in there 
if my neighbors next to me moved out i‚Äôd 100% ask to take that unit "
"Okay but moment of truth
Jib of Ghib
Or",Gibblets
Gibblets,https://twitter.com/teabaggingarena/status/1590518746732711937?s=20&t=fD4AqZ7m-SQ2mDSiTeUbUA
Hahahagahahahgagahahahahhahhahahahahah,"fuck to talking heads challenge 2022
you guys watchign the hackathon presentations?"
you guys watchign the hackathon presentations?,"no, are they happening now?"
"no, are they happening now?","yeah
the current guy presenting has the best project ive ever seen"
the current guy presenting has the best project ive ever seen,"fuuuuck i only saw the last bit
what was it?"
what was it?,"he did an midjourney/DALL-E type integration to generate an image of the workplace in every job description
and his example was
kermit the frog working at whatever the job was
so like"
so like,hahahahhahahahahh fuck that's so good
hahahahhahahahahh fuck that's so good,"kermit at mcdonalds
kermit at amazon warehouse"
kermit at amazon warehouse,hahahahahah
hahahahahah,"it was so good
so far everything ive seen has been really cool"
so far everything ive seen has been really cool,this is actually the best hackathon damn
this is actually the best hackathon damn,"i know i'm so impressed
people really going all out
holy shit natsuhiro's mustache is so powerful"
holy shit natsuhiro's mustache is so powerful,I had to step away to eat lunch :'(
"yeah sure
vi's playing games with co-workes, but i'm assuming she'll want to get dinner",another thrilling game of pictionary with the girl that can‚Äôt read?
another thrilling game of pictionary with the girl that can‚Äôt read?,hahahahahahha that's correct
hahahahahahha that's correct,"""siDKC50202209
sick"
sick,"oh cool 
anywhere you guys have been wanting to try?
ooh looks good 
i‚Äôm down 
what time?
cool
yaaay
sure "
sure ,Meghan found this audio book cover
Meghan found this audio book cover,"Oh fuck this rules
It‚Äôs blonde crista"
It‚Äôs blonde crista,lol that‚Äôs awesome 
lol that‚Äôs awesome ,Gottem 
Based ,lol
"https://www.youtube.com/watch?v=SYsbacmkgG0
just sounds like karaoke","haha yeah
it's not as funny when the trombone is filling in for the lyrics instead of like, the trombone part of the song"
you're kids edc is not on point,yeah true
you're kids edc is not on point,"*chuckling* heh, what's the throw on those light up skechers?"
"*chuckling* heh, what's the throw on those light up skechers?","hahahahahahaha
at least the come with defensive strobe mode"
at least the come with defensive strobe mode,Lmao
Lmao,why do the ugliest girls always complain the most?¬†https://twitter.com/abughazalehkat/status/1592286181563273219?s=20&t=eKrIo35UltvobkixbWl8UA
why do the ugliest girls always complain the most?¬†https://twitter.com/abughazalehkat/status/1592286181563273219?s=20&t=eKrIo35UltvobkixbWl8UA,always with the tattoos
always with the tattoos,"lol god that was such a limp-dicked ""own"" 
why not at least call her a blue hair sjw or something "
why not at least call her a blue hair sjw or something ,Corny 
Corny ,The missing link to my boner 
"guy in one of my meetings just said some ominous shit about ""hearing something about budget cuts"" but then he didn't want to say anymore 
now hes got me worried",yikesareeno
yikesareeno,"Meghan went to Austin 2 weeks ago and they told everyone this was last thing they can expense 
They couldn't expense food"
They couldn't expense food,wooooooow
wooooooow,lol fuck that sucks 
lol fuck that sucks ,what the fuck
what the fuck,"probably would have cancelled the trip if they could 
i decided to look on blind to see what people were saying since i had a feeling the guy i was talking to heard whatever he heard on there 
this thread about the holiday gift is making me cry laughing "
this thread about the holiday gift is making me cry laughing ,hahahahahahahah
hahahahahahahah,Lol
Lol,Why does anyone care what the company gift is
Why does anyone care what the company gift is,"its blind they care about everything
its sole purpose is to complain
i am kinda mad though that there's no option to donate the money in lieu of the gift this year though since i dont want the shoes"
i am kinda mad though that there's no option to donate the money in lieu of the gift this year though since i dont want the shoes,Oh yeah that's strange they didn't offer that
Oh yeah that's strange they didn't offer that,2 sauces
2 sauces,2 sauces 
Reverse racism,disgusting
disgusting,"So i had lunch with Eddie the uxd director today. He basically told meghan that so far no layoffs but he has told managers that if it does come to lqyoffs the inital plan is 5% per team. So basically the people not pulling weight are at risk of cuts if it comes to it
But yeah budget is tight as hell now
They just doing preparing for worst case so managers have some targets on bad performers..
But also a lot of managers have targets on their back too because there are some real bad ones. 
Also they have some juicey salaries"
Also they have some juicey salaries,god if they do have to get rid of people it would be great if they started with managers
god if they do have to get rid of people it would be great if they started with managers,"Yeah several managers in sf and austin are probaly getting blasted
Dunno if any of this affects tokyo"
Dunno if any of this affects tokyo,yeah i‚Äôve been wondering about that too 
yeah i‚Äôve been wondering about that too ,Seems like it might be a usa thing because salaries are way higher
Seems like it might be a usa thing because salaries are way higher,"yeah that‚Äôs what i was thinking 
also since the yen is worth nothing right now we cost even less lol"
also since the yen is worth nothing right now we cost even less lol,Like meghans manager they trying to boot his ass
Like meghans manager they trying to boot his ass,lol really? 
lol really? ,"Yeah some other manager was going to quit because of her manager and they were like nah dont we getting rid of this dude
Fucking game of thrones usa side for managers and directors"
Fucking game of thrones usa side for managers and directors,wow that‚Äôs actually pretty scary 
wow that‚Äôs actually pretty scary ,Also tomas is fucking ballin
Also tomas is fucking ballin,like salary?
like salary?,"He leaving tokyo and buolt himself a compound in his home country
Worth 1 million dollars"
Worth 1 million dollars,"lmao what 
a compound "
a compound ,Yeah
Yeah,???
???,Several mini houses
Several mini houses,Hahahahhahahahahhhaha
Hahahahhahahahahhhaha,With a main one
With a main one,"?????
what"
what,And achers of land
And achers of land,‚Ä¶why 
‚Ä¶why ,One is a man cave house
One is a man cave house,lmao that is the least surprising part 
lmao that is the least surprising part ,Jesus
Jesus,Hes building an empire
Hes building an empire,that is very weird 
that is very weird ,Hia man cave is going to have a statue of jordan peterson
Hia man cave is going to have a statue of jordan peterson,"he should just invite jordan peterson to live there 
he‚Äôd probably accept "
he‚Äôd probably accept ,"As long as it aint woke
But yeah must have been getting either massive ltips or had a 200k salary in tokyo
Probably both"
Probably both,yeah prob both 
yeah prob both ,Also no one can transfer to seattle or sf because salaries too high. People can only transfer to locations with lower salaries
Also no one can transfer to seattle or sf because salaries too high. People can only transfer to locations with lower salaries,czech republic is also prob cheaper than here 
czech republic is also prob cheaper than here ,For sure
For sure,He probably just had to sell his extra ps5s 
He probably just had to sell his extra ps5s ,Lol
Lol,https://twitter.com/hehewaitwhut/status/1593422773073764353?s=46&t=YvgVz-d7Ir5IjmefbZKVjg
https://twitter.com/hehewaitwhut/status/1593422773073764353?s=46&t=YvgVz-d7Ir5IjmefbZKVjg,hhhahahaha
hhhahahaha,The joys of Hanukkah
The joys of Hanukkah,A dedicated PlayStation house?
A dedicated PlayStation house?,Lol
"Also holy shit I‚Äôm in Inaka and local tv is 
Broadcasting 
Local elementary school track and field competitions ",they could be the next usain bolt 
they could be the next usain bolt ,"Thats actually pretty
Cool"
Cool,A kid gave up 
A kid gave up ,That's awesome
That's awesome,https://twitter.com/chadloder/status/1594139381727916033?s=46&t=Bqu-9JbhEw-A8ZsO03-tUQ
Let's fucking go,"war dolphin
cyberdolphin
Dolphins know what‚Äôs up"
Dolphins know what‚Äôs up,https://twitter.com/bonuseruptus/status/1594385841660502022?s=46&t=eCcv4wAXnRjTb60xXaAMxQ
https://twitter.com/bonuseruptus/status/1594385841660502022?s=46&t=eCcv4wAXnRjTb60xXaAMxQ,"Delete this
Shhh
[Sticker]"
[Sticker],Shhhhhhhhhhhh
Shhhhhhhhhhhh,[Sticker]
[Sticker],https://twitter.com/adfreepremium/status/1594852481573462021?s=46&t=eCcv4wAXnRjTb60xXaAMxQ
losing my fucking mind at this list,"LMAO
dont give elmo the aux cable"
dont give elmo the aux cable,Yeah Jesus 
Yeah Jesus ,c
c,Actual physical incarnation of reddit 
Actual physical incarnation of reddit ,what time do you guys think you can come over on sat? 
You guys have dinner yet? ,Cool sounds good
You guys have dinner yet? ,"Ah yeah, we are
Ate "
Ate ,"Fucking eaters 
We're having some dinner now, could swing by your place after if you guys wanted to hang for a bit "
"We're having some dinner now, could swing by your place after if you guys wanted to hang for a bit ",i gotta turn in pretty early today cuz i have to get up at like 9 tomorrow to start cooking everything so can‚Äôt really hang tonight 
You guys still hanging?,Word word
You guys still hanging?,"Yee
https://www.youtube.com/watch?v=asKjg258fTc
""severely obliviated"" new word just dropped
getting absolutely obliviated at the times square nintendo store
""faded than a hoe
ganginton in the building"
ganginton in the building,"This is what the world needs right now 
Yuuuuuuuuuuup yodi GANG
You feel me?"
You feel me?,"On some blinkerton city type shit, you feel me?
Forrealforreal"
Forrealforreal,Yuuuuuuuup
Yuuuuuuuup,No cap
No cap,"nuthios balmer out here in yodieland
getting faded as a hoe"
getting faded as a hoe,https://twitter.com/flikzxr/status/1594181521568829441?s=46&t=HKpIUGCBXTgB9DOCPtDJ7A
i like how he only has one song ,"as it turns out, we've already heard it
10000000 times
because it's one of the four things he says"
"spotify put this on my ""release radar"" to make sure i wouldn't miss it
https://open.spotify.com/track/0CGyintEvK6qL0BPvQWZ37?si=be62ff0b1b68442d
this is so funny
BAD MAN BBBAD MAN",AHHAHAHAHAHAHAHAHAHA
AHHAHAHAHAHAHAHAHAHA,lmaooo
lmaooo,BAD MAN like a BLIND MAN trying to find himself in the dark
BAD MAN like a BLIND MAN trying to find himself in the dark,cant get it out of my head
cant get it out of my head,"WHAT???????
i feel like i'm be trolled right now"
i feel like i'm be trolled right now,"oh my god
tucker just looked it up on wikipedia
THE SONG WAS INSPIRED BY THE RUSSIAN INVASION OF UKRAINE
HAHAHAHHAHA"
HAHAHAHHAHA,i feel like disturbed made this album for the sole purpose of reaction videos
i feel like disturbed made this album for the sole purpose of reaction videos,I'm going to kill myself
I'm going to kill myself,"HAHAHAHAHAHAHHAHAHAHAHAHAHAHAHAHAHAHAHAHAH
uh-wa-ah-ah-ah disturbed guy has a ukrane flag in his twitter bio, of course
""what's the reason why? bad man????"
"""what's the reason why? bad man????",i want to call it a fall from grace but honestly it seems like something else entirely
i want to call it a fall from grace but honestly it seems like something else entirely,the first track has 11 million plays
the first track has 11 million plays,"https://genius.com/Disturbed-divisive-lyrics
I like these extremely angry lyrics that could be about literally anyone right now
""huh this kind of sounds like something I'd listen to""
They have often cited their influences as Black Sabbath, Judas Priest, Metallica, Pantera, Iron Maiden, Queensr√øche, and Soundgarden.
ah. nevertheless this is cringe"
ah. nevertheless this is cringe,NOOOOOO disturbed isn't cool enough to stan¬†Queensr√øche
NOOOOOO disturbed isn't cool enough to stan¬†Queensr√øche,some apples get launched far from the tree
some apples get launched far from the tree,just christ i can stop laughing every time i head BAD MAN in my inner monologue
just christ i can stop laughing every time i head BAD MAN in my inner monologue,by a Ukrainian Konkurs-2 missile
by a Ukrainian Konkurs-2 missile,lol
lol,"b-b-b-b-BAD MAN
it feels like they've gotten technically more skilled and now they want to return to the roots
this is like disturbed covers nightwish
he
god
https://www.youtube.com/watch?v=s4JudskwgAc"
https://www.youtube.com/watch?v=s4JudskwgAc,i will not watch this
i will not watch this,"he literally is out here being like ""I can sing too!!""
this sounds like bootleg mindcrime II"
this sounds like bootleg mindcrime II,"final fantacy 10 music vide o
5 minutes of watching a sword fly through clouds"
5 minutes of watching a sword fly through clouds,holy shit bad man has a music video
holy shit bad man has a music video,this tacks probably about climate change
this tacks probably about climate change,it looks like it's all AI art
it looks like it's all AI art,bad man has a music video too
bad man has a music video too,"I'm crying
it's true that we are all cowards who bow to a bad man
we're all victims of another bad man"
we're all victims of another bad man,let's make a song called BAD MEN (it's about the CIA shhhhhhhhhhh)
let's make a song called BAD MEN (it's about the CIA shhhhhhhhhhh),">: L
well if there's no cia who protects us from the bad man
oh, I regret to report that distrubed is militantly pro israel
he called roger waters a nazi for refusing to perform in israel
Mr. Disturbed said that"
Mr. Disturbed said that,damn that's a bummer.... always thought DISTURBED would have better politics
damn that's a bummer.... always thought DISTURBED would have better politics,"it's ok they are pro choice
I googled this because I wanted to know if it was okay to rock along to a guy that doesn't like joe biden
""Why do we love to hate? This insanity...embedded in our hearts""
we are not so different after all
WE
HAVE
EYES
but we caNNOT SEE!
SO BLINDED BY OUR OWN OBSESSIONS
 \m/
how long till this album's at karaoke
Happy Thanksgiving, Disturbed Ones
https://twitter.com/indianloonie/status/1597765500788150273?s=46&t=KHqbewo0hpsblD62xxkQOw"
https://twitter.com/indianloonie/status/1597765500788150273?s=46&t=KHqbewo0hpsblD62xxkQOw,SAVage
"oh god
please sir i beg you, dont do this
this is because i mentioned that the term 'gaslighting' comes from a movie","HAHAHAHAHAHAHAHHAHahahh
OF ALL THE WORDS YOU COULD USE AS AN EXAMPLE
come on buddy"
come on buddy,"why would you do this
i can think of another n word that used to be acceptable too
jesus"
jesus,"there are so so so many other words you could use
actually the word colored was socially acceptable as late as 1965 *push up glasses*"
actually the word colored was socially acceptable as late as 1965 *push up glasses*,showing a bit too much of your hand here buddy
showing a bit too much of your hand here buddy,yeah somehow seems like he might trot this one out frequently
yeah somehow seems like he might trot this one out frequently,"hahahahahaha
setting the record straight"
setting the record straight,"appreciate that he sourced the claim
because he thinks this is Very Important"
because he thinks this is Very Important,its so funny with the image in there
its so funny with the image in there,"i know lmao
kinda just want to post this in there"
kinda just want to post this in there,"hahahahahahahahha
yeah"
yeah,"you could've been like ""yeah jobby isn't a good word to use in the UK or Ireland (heart balloon)
""ha ha isn't that funny"""
"""ha ha isn't that funny""","wooooooow that's kinda true though isn't it
the response makes no sense to me"
the response makes no sense to me,"yeah is he saying ""i am aware that you can call people a negro in spanish""?"
"yeah is he saying ""i am aware that you can call people a negro in spanish""?",maybe because negro is just spanish for black?
maybe because negro is just spanish for black?,"oh maybe
i was considering going in to the office tomorrow for the holiday event
but this interaction has instantly changed my mind
i do not want to meet or talk to these people"
i do not want to meet or talk to these people,hahahahahaahahahaha
hahahahahaahahahaha,"uh oh popa is typing now
leave it alone popa"
leave it alone popa,"sock it to me popa
NO NO NO
keep going
choosing his words so carefully"
choosing his words so carefully,"he keeps starting typing and then stops lol
i think we're gonna get some heat
typing again"
typing again,i'm chomping at the bit over here
i'm chomping at the bit over here,the suspense is killing me
the suspense is killing me,"POPAAAAAAA
pfffft boring"
pfffft boring,"yeah
but this tanner fella seems like enough of an asshole to come back"
but this tanner fella seems like enough of an asshole to come back,why is this converstaion happening at all
why is this converstaion happening at all,"i cant wait for this to get overtly political
yay
Tanner Gary Lund 
three word name
bad sign"
bad sign,"it's such a funny tid bit to be like ACTUALLY about, because that is something that literally any american would know - martin luther king uses negro in his speeches"
"it's such a funny tid bit to be like ACTUALLY about, because that is something that literally any american would know - martin luther king uses negro in his speeches","it's also a weird example to use because the common usage of it changed because of RACISM
that's sort of, artificial language evolution"
"that's sort of, artificial language evolution",hahahahah true
hahahahah true,when you stop using a word on purpose because it's offensive
when you stop using a word on purpose because it's offensive,hahahahhahahah yeah
hahahahhahahah yeah,"think a lot of this conversation could have been kept in drafts for a bit longer
why would you post this shit on slack"
why would you post this shit on slack,also i can't help but think that anyone who would complain about the bastardization of the term gaslighting can only be someone who has been accused of it before
also i can't help but think that anyone who would complain about the bastardization of the term gaslighting can only be someone who has been accused of it before,hahahahha yeah no question about that
hahahahha yeah no question about that,look i may be abusive but i'm not a gaslighter
look i may be abusive but i'm not a gaslighter,^gaslighter behavior
do you guys wanna go to the curry place for dinner?,"aaaaaaaaah we had curry place for lunch lol
we're also a bit spooked that we might have gotten sick, so might not be a good night to meet up"
"we're also a bit spooked that we might have gotten sick, so might not be a good night to meet up",oh yeah don‚Äôt wanna risk it then 
oh yeah don‚Äôt wanna risk it then ,yeah hopefully we'll wake up tomorrow and feel fine
yeah hopefully we'll wake up tomorrow and feel fine,"by sick you don‚Äôt mean like food poisoning right 
like we shouldn‚Äôt go there "
like we shouldn‚Äôt go there ,HAAHAHAHHAHA no no no no
HAAHAHAHHAHA no no no no,hahahaha ok 
hahahaha ok ,"just regular sick, scratchy throught and shit"
"just regular sick, scratchy throught and shit","ah yeah 
hope it‚Äôs not the coov and just the changing seasons or something 
annual winter cold "
annual winter cold ,yeah seriously
DP (baby),Word hope y‚Äôall feel better 
DP (baby),"[Video]
Explain this"
Explain this,"I believe 
I have seen the UFOs
Can‚Äôt explain it. "
Can‚Äôt explain it. ,https://en.m.wikipedia.org/wiki/Battle_of_Los_Angeles
https://en.m.wikipedia.org/wiki/Battle_of_Los_Angeles,"We saw that movie
It sucked so fucking bad I wished ET would kick my ass"
It sucked so fucking bad I wished ET would kick my ass,It did suck
It did suck,We're doing nabe at our place of you guys want some
We're doing nabe at our place of you guys want some,ahh we already had plans to go get italian food w kaz 
ahh we already had plans to go get italian food w kaz ,"Word word 
Well if you wanna swing by after or whatever hit us up "
finishing up dinner now ,"ok! we‚Äôre gonna head to the restaurant in a few min so i‚Äôll let you know after 
gonna come by in a few min "
gonna come by in a few min ,"Nice, come on down"
"Nice, come on down",want us to grab anything on the way?
want us to grab anything on the way?,"Think we're good, maybe just grab a couple drinks "
"Think we're good, maybe just grab a couple drinks ","Yo word I left my scarf on top of your suitcase 
Ill come get it someday"
Ill come get it someday,Naaaah dude that shits mine now
I‚Äôll Franz Ferdinand you ,"World war three had to start somehow
Wow that's so true though. Let's get rid of Walmart too, they communist as a ho frfr "
"Wow that's so true though. Let's get rid of Walmart too, they communist as a ho frfr ","""Commie as a ho"
Gimme ,https://www.youtube.com/watch?v=RUR2ueq7fAQ&ab_channel=Weezer-Topic
https://www.youtube.com/watch?v=RUR2ueq7fAQ&ab_channel=Weezer-Topic,............
https://www.youtube.com/watch?v=A5MtQMKa7ao&ab_channel=mishaabesadze,"where's your holiday spirit, scott
I fucking love kraftwerk* subtlety
""stop plastic pollution/in the ocean""
""keep your planet cleaaaaan"""
"""keep your planet cleaaaaan""","fuck yeeeeeeeah
HAHAHAHAHAHAHAH
how can it be so goofy and yet so good"
how can it be so goofy and yet so good,"the water drop sounds and stuff
the fuzz
and then the corniest lyrics of ALL TIME
in german, thinking to myself: ah yes I feel very troubled by plastic pollution in the ocean. I should make a soundscape about it"
"in german, thinking to myself: ah yes I feel very troubled by plastic pollution in the ocean. I should make a soundscape about it","hahahahahahhahaahahah
yeah"
yeah,https://www.youtube.com/watch?v=NquXu7rQy6o&ab_channel=Kira
[Sticker],"at the very end of the playlist
it's lady gaga power hour"
it's lady gaga power hour,"hahahahhaah
holy shit "
holy shit ,"https://www.youtube.com/watch?v=sZQmL-PKr8Y
""""""Panasonic Interactive Media, or PIM, released Secret Writer's Society on February 10, 1998. It was an edutainment game intended to teach children the basics of grammar and writing. After a series of lessons on how to write, format and edit one's work, the program could read out what the user had written in a text-to-speech format. Of course, the game couldn't be allowed to read out swear words if the user had written them--this is a children's game, after all! So the game contained a list of forbidden words within its code, which, if typed out, would not be voiced."
"""""""Panasonic Interactive Media, or PIM, released Secret Writer's Society on February 10, 1998. It was an edutainment game intended to teach children the basics of grammar and writing. After a series of lessons on how to write, format and edit one's work, the program could read out what the user had written in a text-to-speech format. Of course, the game couldn't be allowed to read out swear words if the user had written them--this is a children's game, after all! So the game contained a list of forbidden words within its code, which, if typed out, would not be voiced.",awesome
we got a christmas tree ,The Muppet at the top is (Awesome)
The Muppet at the top is (Awesome),fuck yeah
"deodude continues to be an absolute gem 
it‚Äôs fucking 330 in the morning where he is ",Hahahahahahahaha what the fuck 
Hahahahahahahaha what the fuck ,I don‚Äôt ‚Ä¶.know what this means
I don‚Äôt ‚Ä¶.know what this means,man is actuality on one 
man is actuality on one ,"What does this fucking mean
And why would you talk like this at work"
And why would you talk like this at work,"lol you should see the whole thread. he is just always like this 
lol so remember how i said we found a house
well i was in the middle of telling them some days we could go see it, and then their next message to me was like, ""due to various reasons we're not in charge of the property anymore, this other company is instead""
and i looked it up and they arent even a fudosan
they're just some weird management company that doesn't list their properties anywhere
so once again we have lost a house"
so once again we have lost a house,what the fuuuuuuuuuuuuck
what the fuuuuuuuuuuuuck,"i looked on suumo and i found it, and it said there were 13 different fudosans that can show us the place, so i emailed a different one...
i want that pantry god dammit"
i want that pantry god dammit,hahahaha
hahahaha,https://twitter.com/hiphopdx/status/1366818877250879488?s=46&t=1Kav4VamWlHqidb-hDIhog
would you guys wanna try don giovanni tonight?,"i think vi's going out with work people tonight, but i'm down"
"i think vi's going out with work people tonight, but i'm down",just gives us another excuse to go again
just gives us another excuse to go again,"mmm yeah idk about that
was thinking this was more of a 4 person activity"
was thinking this was more of a 4 person activity,"we could invite YOUR MOM, make a foursom"
"we could invite YOUR MOM, make a foursom",we could uninvite tucker and invite his mom
we could uninvite tucker and invite his mom,"You know what why don't you do that
I'll hire a troupe of strippers and we'll watch Equilibrium
also we're gonna order hooters wings"
also we're gonna order hooters wings,FUCK that does sound good
FUCK that does sound good,might even spin some vinyls (anime robot songs)
might even spin some vinyls (anime robot songs),yoooooo FUCK hans zimmer this should be the dune soundtrack¬†https://open.spotify.com/album/2T6vbpfG0zp0v8tWCG80Io?si=emGchJzIQU2-2AVyzno8aQ
yoooooo FUCK hans zimmer this should be the dune soundtrack¬†https://open.spotify.com/album/2T6vbpfG0zp0v8tWCG80Io?si=emGchJzIQU2-2AVyzno8aQ,time to listen to see if this is a bit or for real
time to listen to see if this is a bit or for real,its so real
its so real,yeah this is p good
yeah this is p good,wow the moon's crazy right now
wow the moon's crazy right now,"Time to change my behavior bc the moon is pulling on my blood
Oh sorry I forgot crista doesn‚Äôt believe in anything "
Oh sorry I forgot crista doesn‚Äôt believe in anything ,"oh god you're right, i can feel it pulling on deez nuts rights now"
"oh god you're right, i can feel it pulling on deez nuts rights now","It‚Äôs turning me
\m/ METAL AF \m/"
\m/ METAL AF \m/,"awooooo
werewolf time 
actually i can‚Äôt see the moon so i don‚Äôt know if it‚Äôs full "
actually i can‚Äôt see the moon so i don‚Äôt know if it‚Äôs full ,Anyways yeah we‚Äôre good whenever
Anyways yeah we‚Äôre good whenever,"sorry i was finishing up some workyjerky, i'll head over in like 20min
to your place that is"
to your place that is,Working? In this econony?
Working? In this econony?,"It's official 
Going to Osaka "
Going to Osaka ,awwww yeaaaaa
awwww yeaaaaa,January 7th to Feb 2
January 7th to Feb 2,oh shit that‚Äôs pretty soon 
oh shit that‚Äôs pretty soon ,"Last week working from Tokyo 
Yeah emergency shit for rocksmith "
Yeah emergency shit for rocksmith ,new wiggles album just drop or something?
new wiggles album just drop or something?,"Redesigned guitar tuner app
But yeah just found out now"
But yeah just found out now,"niceee 
that‚Äôs a long trip too
is meghan coming?"
is meghan coming?,Definitely 
Definitely ,"yaaaay
leandro‚Äôs coming to visit soon too 
maybe he‚Äôll still be here when you‚Äôre here "
maybe he‚Äôll still be here when you‚Äôre here ,"Oh ahiiiiie
Shiie 
Bust a nut"
Bust a nut,shimada too 
shimada too ,"Lol lord 
Scotts body about to get rocked "
Scotts body about to get rocked ,lol
lol,Airbnb looking like a converted love hotel 
Airbnb looking like a converted love hotel ,"What the fuck
Lemon theme room"
Lemon theme room,"Apartment complex has food themed rooms
They had a compari one"
They had a compari one,lol
lol,And a soju one
And a soju one,Bust a nut 
Hey did you know that Muslim traders to Korea via the mongols invented soju,":o
Based "
Based ,"Dangerously based
Found the anti vax kimono shop"
Found the anti vax kimono shop,why is it in english 
why is it in english ,Wow
Wow,Finally some solidarity
Finally some solidarity,found a very powerful tee on mercari 
