time,who,message
14:06,crista,splatoon 3 is dank 
14:06,crista,best one so far 
14:07,ã‚¹ã‚³ãƒ•ãƒªãƒ³ Scott,how does one improve on perfection?
14:14,crista,"with an in game trading card game, OBVIOUSLY "
14:14,crista,a fish woman just game me a starter deck 
14:33,ã‚¹ã‚³ãƒ•ãƒªãƒ³ Scott,"welp, time to get into splatoon i guess"
14:34,Baby Dp,Splatoonsmith+
14:36,ã‚¹ã‚³ãƒ•ãƒªãƒ³ Scott,the gathering
14:38,Tucker,no i want to play aquarium simulator
14:38,crista,play splatoon 
14:38,crista,itâ€™s fun 
14:38,crista,we can make a clan 
14:44,crista,you can be a squid or an octopus now 
14:44,crista,itâ€™s very progressive 
14:44,crista,they used to be the enemies 
14:44,ã‚¹ã‚³ãƒ•ãƒªãƒ³ Scott,"that's disgusting, why would anyone want to play as a fuckin tako"
14:45,Baby Dp,Takitos
14:51,crista,racist 
14:53,crista,"seriously though if you never played before, this is the one to get "
14:53,crista,iâ€™m so hype 
14:55,crista,return of best girl 
15:09,Tucker,Hey does The Rock Smith + have the new megadeth album
16:16,Baby Dp,Wigglesmith+
16:16,Baby Dp,Haven't checked but probably not yet
16:18,Baby Dp,There is some slayer tho
16:22,Tucker,"yeah I GUESS slayer is pretty ""metal"""
16:23,Baby Dp,If you want metal wait for the mobile version 
16:24,Tucker,fuck yeah
16:24,Tucker,can I use a guitar hero controller
16:27,Baby Dp,On mobile you can hum the notes if you're talented enough 
12:31,Tucker,https://twitter.com/pcgamer/status/1568567288416112640?s=46&t=MDS0Zc7ybjbXR7lzR269yw
02:44,Tucker,https://twitter.com/vicbergeriv/status/1568737458799661056?s=46&t=ONjRUyW0y2yo7ip5sbkWFQ
02:46,ã‚¹ã‚³ãƒ•ãƒªãƒ³ Scott,Hahaha why is that video so much better than it needs to be 
04:00,Baby Dp,Hahahahah
11:24,Baby Dp,Yo  when do yall usually do your beach house rental?
11:25,crista,we actually were just there at the end of august 
11:27,Baby Dp,Looking like Adrienne wants to plan a return trip and would like to do the beach house. 
11:27,Baby Dp,I just need to know time frame since I can work from Osaka for a mknth or more.
11:28,Tucker,we decided beach house sucks because there are bugs
11:28,Tucker,*we
11:28,Tucker,****we
11:28,Baby Dp,Wee wee
11:28,Tucker,but sick!!!
11:29,crista,i think july/aug is a good time 
11:29,crista,if we book early enough shouldnâ€™t be an issue 
11:29,Baby Dp,Good time to get fried in osaka
11:29,Baby Dp,Nice
11:29,Tucker,just move to osaka
11:30,crista,i would def be down for osaka trip too
11:30,Baby Dp,For sure I'll probably be taking a week or so off and hang in Tokyo then do weekend trips while I work
11:31,Baby Dp,But yeah would be cool if yall came down a weekend or whatever 
11:31,Tucker,"yeah, MAYBE"
11:44,ã‚¹ã‚³ãƒ•ãƒªãƒ³ Scott,I'LL THINK ABOUT IT
11:58,crista,beach house can only fit six by the way 
11:59,crista,not sure if they would be able to find out if we had more than thst 
12:24,Baby Dp,Well whatever we figure it out 
12:49,Tucker,yeah either way we can make it happen
12:50,Tucker,maybe we get a bigger hosue (bulging eyes)
12:50,ã‚¹ã‚³ãƒ•ãƒªãƒ³ Scott,awooooga
13:07,crista,the house could def FIT more than 
13:07,Baby Dp,[Sticker]
00:55,ã‚¹ã‚³ãƒ•ãƒªãƒ³ Scott,https://www.youtube.com/watch?v=2p2JcCoh1CU
01:02,crista,laugh all you want but itâ€™s all true 
01:04,Baby Dp,Dunko speaks truth 
01:05,ã‚¹ã‚³ãƒ•ãƒªãƒ³ Scott,halo? more like gaylo
01:05,Baby Dp,Hot take but halo always sucked
01:05,Baby Dp,It just had good controls 
01:06,ã‚¹ã‚³ãƒ•ãƒªãƒ³ Scott,uuum hot take guitar smith ROCKS!
01:06,Baby Dp,Thank God I work on Rocksmith 
01:07,ã‚¹ã‚³ãƒ•ãƒªãƒ³ Scott,hahahahahhahah
01:07,Baby Dp,And yeah it also sucks
10:04,Tucker,Oh yeah rock smith really comin for the halo crown
11:07,Baby Dp,To be the man you got to beat the man
11:21,crista,lol
12:20,Tucker,found a new game 
12:20,Tucker,https://youtu.be/w9bBSM1XneA?t=19
15:14,Baby Dp,Nice bathroom tag
15:20,crista,oh my god lol
15:27,Tucker,oh my god
17:42,crista,you guys doing anything tonight?
17:53,ã‚¹ã‚³ãƒ•ãƒªãƒ³ Scott,Mmm no plans I don't think
17:56,crista,like the horror movie? 
17:56,crista,lol sure 
17:56,crista,iâ€™m surprised youâ€™re up for that
17:58,ã‚¹ã‚³ãƒ•ãƒªãƒ³ Scott,We could go to ä¸‡è±šè¨˜ for dinner
18:00,ã‚¹ã‚³ãƒ•ãƒªãƒ³ Scott,"""Wan Zhu Ji Sangenjaya"
18:01,crista,oh sure 
18:01,ã‚¹ã‚³ãƒ•ãƒªãƒ³ Scott,Holy shit the samgenjaya one is open till 4am 
18:01,ã‚¹ã‚³ãƒ•ãƒªãƒ³ Scott,Sick 
18:01,crista,tuckers at a team event so itâ€™ll just be me 
18:01,crista,if youâ€™ll have me 
18:01,ã‚¹ã‚³ãƒ•ãƒªãƒ³ Scott,Good riddance to bad rubush I say 
18:03,crista,girls night 
18:03,crista,what time are yâ€™all done w work 
18:04,crista,oh cool 
18:13,ã‚¹ã‚³ãƒ•ãƒªãƒ³ Scott,"Yeah just come over whenever you feel like it, I'm not doing shit "
18:14,crista,oh nice iâ€™ll get dressed and head over then 
18:41,crista,headin over now 
18:41,crista,402?
18:42,ã‚¹ã‚³ãƒ•ãƒªãƒ³ Scott,Yup
18:42,crista,need anything
18:43,ã‚¹ã‚³ãƒ•ãƒªãƒ³ Scott,Mmmm beer 
18:44,crista,äº†è§£
16:36,Tucker,https://twitter.com/startrekvhs/status/1337424666126938113?s=46&t=n7k9TN9G6XCxLmt7B8tKkQ
16:40,ã‚¹ã‚³ãƒ•ãƒªãƒ³ Scott,Cleaning out your ass with Darth Vader
13:05,Tucker,https://twitter.com/butnotironic/status/1571080690082652160?s=46&t=xH57_xauIEA5W956Dj-24g
19:11,Tucker,Raccoon spotted
21:53,ã‚¹ã‚³ãƒ•ãƒªãƒ³ Scott,what the fuck? 
22:07,crista,cleo sniffed them out 
23:47,ã‚¹ã‚³ãƒ•ãƒªãƒ³ Scott,They can't be actual racoons though right? Thought that they were specific to north America
02:22,Tucker,They ã‚¢ãƒ©ã‚¤ã‚°ãƒ
02:24,crista,isnâ€™t araiguma just a normal raccoon?
02:25,Tucker,Yeah 
02:25,Tucker,But in Japan
02:27,ã‚¹ã‚³ãƒ•ãƒªãƒ³ Scott,I seeeeee
13:04,ã‚¹ã‚³ãƒ•ãƒªãƒ³ Scott,just one of the official gmail themes 
13:04,ã‚¹ã‚³ãƒ•ãƒªãƒ³ Scott,moshimoshi ninjas 
13:05,crista,lol why does it say that 
13:05,crista,i like the ski one 
13:05,crista,why do these look so incredibly bootleg 
13:05,ã‚¹ã‚³ãƒ•ãƒªãƒ³ Scott,hahahah i don't know 
13:06,Baby Dp,The ski one is so out of place art wise
13:06,Tucker,Iâ€™ve been using the ninja fox one for over ten years
13:06,Tucker,Bottom left
13:06,crista,is that an angry referee giving a skiier a blue card 
13:06,Tucker,I love their noses
13:36,Tucker,DP do you play video game?
13:36,Baby Dp,I am game
13:36,Tucker,Or just creating
13:37,Baby Dp,I beat elden ring 
13:37,Tucker,Elden ring ooooooooooo
13:39,Baby Dp,My friend is trying to get me into post scriptum 
13:39,Tucker,LMAO
13:39,Baby Dp,Shit is a ww2 larp
13:39,Tucker,are you getting into it
13:39,Tucker,Man that shit is too weird for ME
13:39,Baby Dp,Way too hardcore
13:39,Tucker,Those guys order panzer chocolate and smell like German mothballs 
13:40,Baby Dp,Lol
13:41,Baby Dp,"Only enjoyable class for me,is medic otherwise it's just impossible "
13:41,Tucker,"ARMA and Squad are for airsofters, post scriptum is for re-enacted "
13:41,Tucker,Reenactors 
13:41,Baby Dp,Yeah 
14:09,ã‚¹ã‚³ãƒ•ãƒªãƒ³ Scott,"Realistic shooters, at least in terms of physics and combat mechanics are such dog doo"
14:10,Tucker,The core problem is realism isnâ€™t fun unless youâ€™re a psycho  
14:11,ã‚¹ã‚³ãƒ•ãƒªãƒ³ Scott,Go play train simulator if you're into that shit 
14:12,Baby Dp,See train and plane simulation makes sense  to be. Shooter Sims don't because it's too random
14:16,Tucker,Realistically modeled scopes that wobble and refract if you move the mouse too much 
14:16,Tucker,Except itâ€™s all simulated in real time so quality looks like shit and textures donâ€™t render fast enough 
14:18,Tucker,Also in real life a train or plane is controlled with buttons and levers that can be mapped to a keyboard 
14:19,Tucker,Vs â€œhold alt+e to bring your arms closer to your body when holding the gun so it doesnâ€™t get shot when you look around a cornerâ€
14:19,Tucker,"â€œSorry your arms are too close to the wall, the gun will now spazz out to ensure you can clip through (that would be unrealistic)â€"
14:19,Baby Dp,In post scriptum you drink tea to heal and recover stamina 
14:20,Baby Dp,Just like ww2  soldiers 
14:23,crista,hahahahhaa
14:32,ã‚¹ã‚³ãƒ•ãƒªãƒ³ Scott,The atheist bit at the end really makes it 
10:20,Baby Dp,This game
10:22,ã‚¹ã‚³ãƒ•ãƒªãƒ³ Scott,*George Takai voice* oooh myyyy
11:57,crista,the ads are starting to make even less sense 
11:57,crista,"now itâ€™s like, a girl with smelly feet is stealing the boyfriend of a girl covered in mud "
11:58,Baby Dp,This one was doctor smells fart likes it and mudgirl gets mad
12:13,crista,hahhhaa
12:13,crista,i wish these ads were longer 
12:13,crista,i seriously love them 
12:14,Baby Dp,https://youtu.be/8UkZGNX0YUA
12:17,crista,yesss
12:17,crista,i looked up the game a while ago and apparently itâ€™s just a match 3 game that has nothing to do with the ads
12:18,Baby Dp,Yeah it's fake games
12:18,Tucker,lol
12:19,Tucker,you'd think that they'd make a real game with all the marketing they've got
12:26,crista,the ads clearly take work 
12:26,crista,i also like merge mansion ads 
12:27,crista,â€œwhatâ€™s grandma hiding?â€
13:05,Baby Dp,Lol
14:49,crista,https://twitter.com/avalynwu/status/1572321717145702400?s=46&t=Ve3IQmxm89xZsQEhUsQg2w
15:16,crista,lol
15:17,Tucker,"Daniel ""baby DP"" Ponce"
17:10,ã‚¹ã‚³ãƒ•ãƒªãƒ³ Scott,wouldn't wanna miss that keynote
23:46,ã‚¹ã‚³ãƒ•ãƒªãƒ³ Scott,I feel you brother
00:11,Baby Dp,Le epic
00:13,ã‚¹ã‚³ãƒ•ãƒªãƒ³ Scott,Almost time for rage comics to make a comeback
00:13,ã‚¹ã‚³ãƒ•ãƒªãƒ³ Scott,Can't wait
00:17,Tucker,Oh theyâ€™re back baby
00:52,crista,oh my lord you guys have to get this trombone game 
00:52,crista,i am literally crying laughing watching tucker play it 
00:55,crista,[Video]
01:04,Baby Dp,Lol I thought it was a switch game
01:14,crista,switch with the trobone attachment like they had the drum for taiko no tatsujin 
01:14,crista,"i just tried playing, itâ€™s so hard too"
01:21,ã‚¹ã‚³ãƒ•ãƒªãƒ³ Scott,This looks amazing
01:23,crista,perfect party game 
01:23,crista,goddd iâ€™m dying 
01:23,ã‚¹ã‚³ãƒ•ãƒªãƒ³ Scott,Of course tucker wants to play the skin flute game 
01:26,crista,lmao gottemmmmm 
01:27,crista,this is what rock smith could have been
01:27,ã‚¹ã‚³ãƒ•ãƒªãƒ³ Scott,Hahahahahaha
01:27,Baby Dp,It kinda is if you suck at guitar 
01:28,ã‚¹ã‚³ãƒ•ãƒªãƒ³ Scott,If only there were people with a real vision behind that project
01:28,crista,at least dp has some ideas for the next brainstorming session 
01:28,Baby Dp,If they put me in charge of the game I would eliminate all the songs except for smoke on the water
01:29,Baby Dp,And you'd be able to vape while playing 
01:30,crista,hahahah 
01:30,crista,the vape peripheral 
01:30,ã‚¹ã‚³ãƒ•ãƒªãƒ³ Scott,Holy shit 
01:31,ã‚¹ã‚³ãƒ•ãƒªãƒ³ Scott,"""Give this man a fucking promotion immediately "
01:31,Baby Dp,I would also re name the game to cocksmith
01:32,crista,with these ideas youâ€™re right on track for a senior role 
01:32,Baby Dp,SeÃ±or technical designer 
01:33,crista,hahaha
01:33,ã‚¹ã‚³ãƒ•ãƒªãƒ³ Scott,(à¸‡ Í Â° ÍŸÙ„Íœ Í¡Â°)à¸‡
01:41,ã‚¹ã‚³ãƒ•ãƒªãƒ³ Scott,[Video]
01:43,Baby Dp,Lol
01:44,Baby Dp,Is that the living room?
01:57,ã‚¹ã‚³ãƒ•ãƒªãƒ³ Scott,I'm gonna get S on the stars and stripes 
02:00,Baby Dp,Play William tell overture 
02:10,crista,you have to do zarathustra 
02:11,crista,itâ€™s the best one 
02:13,ã‚¹ã‚³ãƒ•ãƒªãƒ³ Scott,Naaah bro Havana nagila is goated
02:18,crista,lmao that one got me too
02:18,crista,just the fact that itâ€™s in there 
02:19,crista,i love that the lyrics are there too
02:26,crista,goddd this game is so good 
02:27,ã‚¹ã‚³ãƒ•ãƒªãƒ³ Scott,I feel very overstimulated
11:23,Tucker,Yooo you guys catch the new blowback imitator podcast?
11:23,Tucker,https://twitter.com/cia/status/1573018283162337284?s=46&t=sbV2mdfQS-Hln7rbpJ8Aiw
11:29,Baby Dp,Lol whyy
11:56,ã‚¹ã‚³ãƒ•ãƒªãƒ³ Scott,Hahahahahaha I am genuinely curious what the CIA's own podcast would be like
12:02,Tucker,"Yeah like, what are they actually going to do"
19:25,ã‚¹ã‚³ãƒ•ãƒªãƒ³ Scott,We're gunna make a bunch of gyoza if you guys wanna come over and get some
20:55,Tucker,https://youtu.be/5lyEqhMC6EA
20:55,crista,oh shit i didnâ€™t see this til now sorry 
20:55,crista,fuuuuck 
20:56,Tucker,Also shit we only saw this bc we were sendinâ€œdo the pinguâ€
20:56,crista,yeah lol 
20:57,crista,unfortunately tuckers making a pizza rn lol
21:10,ã‚¹ã‚³ãƒ•ãƒªãƒ³ Scott,Oooh shit 
21:13,ã‚¹ã‚³ãƒ•ãƒªãƒ³ Scott,"Hahaha no worries, thanks for the hasselhof pingu"
21:14,ã‚¹ã‚³ãƒ•ãƒªãƒ³ Scott,Is this fucking real? Lol
21:15,Tucker,Apparently itâ€™s a Switzerland only release
00:47,ã‚¹ã‚³ãƒ•ãƒªãƒ³ Scott,How'd that pizza turn out?
01:00,crista,lol it was a series of 7-11 pizzas 
01:01,crista,theyâ€™re way too good for what they are though 
01:30,ã‚¹ã‚³ãƒ•ãƒªãƒ³ Scott,Hahahhahahahahahah
01:31,ã‚¹ã‚³ãƒ•ãƒªãƒ³ Scott,I'll have to give it a shot
01:31,Tucker,Theyâ€™re way better than frozen pizza should ge 
01:35,crista,you wanna do something tomorrow tho? 
01:35,crista,gonna be rainy so could do a movie day or something 
01:36,crista,or actually 
01:36,crista,trombone day 
01:36,ã‚¹ã‚³ãƒ•ãƒªãƒ³ Scott,Suuuure 
01:36,ã‚¹ã‚³ãƒ•ãƒªãƒ³ Scott,Hahhahahahahhaha
01:36,Tucker,Watch
01:36,ã‚¹ã‚³ãƒ•ãƒªãƒ³ Scott,I've been working on my stars and stripes
01:36,Tucker,Gundam.?
01:36,crista,s rank when?
01:36,ã‚¹ã‚³ãƒ•ãƒªãƒ³ Scott,YEEEEEEEEESSS
01:37,crista,Noooo
01:38,ã‚¹ã‚³ãƒ•ãƒªãƒ³ Scott,Do they have Gundam wing abridged? Similar to dragon ball z abridged?
01:38,ã‚¹ã‚³ãƒ•ãƒªãƒ³ Scott,I'd watch that shit 
01:38,crista,lol i bet they do 
01:39,Tucker,"https://www.google.co.jp/search?q=gundam+winf+abridged&ie=UTF-8&oe=UTF-8&hl=en-jp&client=safari#fpstate=ive&vld=cid:9c3e02c4,vid:qW4dY7w8Mz0,st:0"
01:39,Tucker,Thereâ€™s more than one
01:40,ã‚¹ã‚³ãƒ•ãƒªãƒ³ Scott,"Thank you god, finally something good to watch"
01:40,Tucker,OH FUCK
01:40,Tucker,THE NEXT ONE IS XOMI GLIT
01:40,Tucker,https://youtu.be/zmvhQtd4zTk
01:41,Tucker,Iâ€™ve been waiting for YEARS
01:42,ã‚¹ã‚³ãƒ•ãƒªãƒ³ Scott,I'm oozing with excitement
01:42,Tucker,https://youtu.be/5G3EA9E_x68
01:42,Tucker,Toonami stule trailee
01:43,Tucker,I fickinf love gundam wing
12:29,Tucker,Lmao
15:58,crista,replaced my joy con cases 
15:59,ã‚¹ã‚³ãƒ•ãƒªãƒ³ Scott,Wow dope 
16:01,Baby Dp,Switch boy color
16:18,crista,they have a blue one! 
16:18,crista,ZOYUBS Nintendo Switch Joy-Con Color Replacement Case Shell for Nintendo Switch Joy-Con Replacement Case Analog Stick Cover Protective Cover Modified Repair Dress Case Cover Nintendo Switch Joycon Color Customization Joicon Waterproof/Stain Release Switch Light Accessory Set (Transparent Blue Button Cover) https://amzn.asia/d/3nfQwqC
17:51,crista,"nah not really, just playing games "
17:52,crista,movie?
17:56,crista,iâ€™m down to hang 
18:28,crista,oooh yes i was wondering if you had any left over 
18:29,crista,feel free to come by now or whenever youâ€™re ready 
19:00,crista,iâ€™m gonna make some cookies too
19:00,ã‚¹ã‚³ãƒ•ãƒªãƒ³ Scott,oOoOO nice
19:02,crista,oh can you bring that box cutter 
19:02,ã‚¹ã‚³ãƒ•ãƒªãƒ³ Scott,Sure
20:03,ã‚¹ã‚³ãƒ•ãƒªãƒ³ Scott,We're heading over
20:05,crista,kewl
13:37,crista,weâ€™re gonna head to the park soon 
14:32,crista," 2-3 YoyogikamizonochÅ, Shibuya City, Tokyo 151-0052, Japanï¼šhttps://maps.google.com?q=35.669268,139.698191"
14:32,ã‚¹ã‚³ãƒ•ãƒªãƒ³ Scott,We're gunna get some lunch then head over
14:42,crista,coool 
14:42,crista,can you guys bring a speaker?
15:00,crista,oh yeah if not no prob
18:24,crista,9/11 claims another victim 
01:28,Tucker,https://twitter.com/buttplugio/status/1573738178653040640?s=46&t=42jCRjYL-6flPgrafQrR2A
01:51,ã‚¹ã‚³ãƒ•ãƒªãƒ³ Scott,he didn't have to use a dildo but i'm glad he did 
01:54,Baby Dp,This is the most important video in gaming today
01:55,crista,tell scarlett to add me 
13:40,Tucker,was wondering why I was getting recommended zoroastrian chants suddenly
13:48,ã‚¹ã‚³ãƒ•ãƒªãƒ³ Scott,hahahhahaha
13:48,Tucker,you look up ONE chant and that's it forever
13:54,ã‚¹ã‚³ãƒ•ãƒªãƒ³ Scott,you look up FOUR different chants in a show and that's it
02:42,Tucker,https://twitter.com/gumby4christ/status/1574424941415497728?s=46&t=3BjRUbJ0ipVcLKZY80L_Tg
05:38,Baby Dp,https://youtu.be/FQnD4rt8Vog
11:31,ã‚¹ã‚³ãƒ•ãƒªãƒ³ Scott,jesus christ dp
11:32,Baby Dp,[Sticker]
11:33,ã‚¹ã‚³ãƒ•ãƒªãƒ³ Scott,I like the idea of people in the CIA being genuinely confused like... What? How could people be upset about this?
11:34,Tucker,everyone acts like the CIA is some super puppet master shit running the show behind the scenes 
11:34,Tucker,when apparently nobody thought that htis post would get backlash
13:25,crista,@ã‚¹ã‚³ãƒ•ãƒªãƒ³ Scott remember how you were like â€œwhoâ€™s gonna rent one of those speaker trucks?â€ 
13:25,crista,well apparently theyâ€™re using them to ruin abeâ€™s funeral lol
13:25,crista,with edm 
13:31,ã‚¹ã‚³ãƒ•ãƒªãƒ³ Scott,hahahahahhahaha that's sick
13:35,Tucker,Yeah my parents live near where itâ€™s happening and like
13:35,Tucker,I guess thereâ€™s a HUGE protest
13:36,Tucker,[Video]
13:36,Tucker,In the very end you can kind of hear the truck
13:36,ã‚¹ã‚³ãƒ•ãƒªãƒ³ Scott,hahahha yeah i hear it
13:36,ã‚¹ã‚³ãƒ•ãƒªãƒ³ Scott,damn that's wild
13:37,ã‚¹ã‚³ãƒ•ãƒªãƒ³ Scott,"part of me is almost like, the man already got aced in the funniest way possible, just let him die"
13:37,ã‚¹ã‚³ãƒ•ãƒªãƒ³ Scott,"but then i'm instantly like, naaah fuck this guy, fuck his funeral"
13:37,Tucker,Itâ€™s funny that everyone normal was like â€œhmm hmm good leader hmm hmm canâ€™t vote for anyone elseâ€
13:38,Tucker,And like the day he dies everyoneâ€™s like â€œoh no so sad he worked so hard for everyoneâ€
13:38,Tucker,And then a month later itâ€™s like â€œnah dude fucking sucks and his assassin was rightâ€
13:40,ã‚¹ã‚³ãƒ•ãƒªãƒ³ Scott,everyone in america was way more sad about it then over here
13:40,Baby Dp,"Meghans mom who is Japanese was sad. She was like ""why did they have to kill Mr Abe"""
13:40,ã‚¹ã‚³ãƒ•ãƒªãƒ³ Scott,aaaaaw
13:40,Baby Dp,It was kinda cute
13:41,Baby Dp,Lol
13:41,Baby Dp,But then again she watches NHL America 24/7
13:42,Baby Dp,Nhk
13:43,ã‚¹ã‚³ãƒ•ãƒªãƒ³ Scott,hahahahahahahahahah
13:43,crista,jen also was like 
13:43,crista,â€œomgâ€¦ he diedâ€¦ thatâ€™s so sad â€œ
13:43,crista,â€œhe was just an old manâ€
13:45,Baby Dp,He got killed by an anti moonie right?
13:46,Tucker,yeah
13:53,Tucker,[Video]
13:58,ã‚¹ã‚³ãƒ•ãƒªãƒ³ Scott,damn
14:03,Tucker,apparently they're doing a 21 gun salute with ARTILLERY
14:03,Tucker,parent's building is shaking
14:06,ã‚¹ã‚³ãƒ•ãƒªãƒ³ Scott,jesus christ
10:12,Tucker,RIP coolio
11:52,Tucker,https://twitter.com/drilhistorian/status/1575291883869331458?s=46&t=X7xLK_RnVE9tDcFXU2pUvQ
11:52,Tucker,https://twitter.com/TheRealVirgil/status/1575291603299753984?s=20&t=umvMxKchK6ehjA9IEG7s5g
12:34,ã‚¹ã‚³ãƒ•ãƒªãƒ³ Scott,lol that bulge
12:34,Baby Dp,No viagra 
13:06,ã‚¹ã‚³ãƒ•ãƒªãƒ³ Scott,hahahahah working loser
13:06,ã‚¹ã‚³ãƒ•ãƒªãƒ³ Scott,are you on the vpn?
13:07,ã‚¹ã‚³ãƒ•ãƒªãƒ³ Scott,also did you run 'update-managed-repos' before running system-update?
13:30,Baby Dp,Oh shit crispa actually took the 90
14:06,ã‚¹ã‚³ãƒ•ãƒªãƒ³ Scott,https://www.youtube.com/watch?v=Tsvd-czc3-w
14:09,crista,the error i got was when running update-managed-repos
14:10,crista,"but i figured it out, i had some old temporary override for the nexus address in my hosts file that wasn't working anymore"
14:12,crista,god it's like i'm setting up a new machine
14:12,crista,3 months is a long time
14:12,crista,everything is out of date
14:13,ã‚¹ã‚³ãƒ•ãƒªãƒ³ Scott,Yeah it's crazy how fast everything breaks if you don't keep up with the incremental changes 
14:26,crista,yeah if you want to minimize problems you need to run system-setup like once a month
14:27,crista,"though even if you do, randomly something will break and you're like ""well i have no fucking clue what's wrong, time to spend the next two hours running all hte update scripts and see if that fixes it"""
15:19,ã‚¹ã‚³ãƒ•ãƒªãƒ³ Scott,haha yeah its such a nightmare
15:19,ã‚¹ã‚³ãƒ•ãƒªãƒ³ Scott,lol
15:20,Baby Dp,Ohhh no
15:20,Tucker,we needed to hear this in 2022
15:53,crista,i've always wondered what incubus's favorite band was
11:27,crista,https://twitter.com/DieAlfaro/status/1575141833159614464?s=20&t=w8xIgilSO8uIc1W2MBeHdg
11:36,ã‚¹ã‚³ãƒ•ãƒªãƒ³ Scott,the comparison is so strong and i don't understand why
12:38,crista,neighbor's fancy lad cat escaped
12:38,crista,hes' so friendly
12:38,crista,he desperately wants to go back inside
12:38,crista,they have a little window on their door and he keeps looking in longingly
12:38,crista,but they arent' home
12:41,crista,cleo is actually at the vet today so we thought about bringing him in 
12:41,crista,but idk when my neighbors get home so i'd feel weird if they came back in like 10 minutes and i had to explain that i took their cat
12:41,ã‚¹ã‚³ãƒ•ãƒªãƒ³ Scott,that's the definition of a poor baby right there
12:41,crista,they have really young kids so i'm hoping they wont' be gone for too long
12:42,crista,hopefully they didn't decide to go on a family vacation
12:42,crista,we gave him some water
12:42,ã‚¹ã‚³ãƒ•ãƒªãƒ³ Scott,"yeah that's tough, don't cant to take their cat, but also would be so sad if the cat got tired of waiting at the door and wondered off"
12:42,crista,yeah
12:42,crista,he seems to be too much of a fancy lad to stray too far from the house luckily
12:43,crista,he literally pawed at the door like a dog
12:43,crista,outside looking in moment
12:44,ã‚¹ã‚³ãƒ•ãƒªãƒ³ Scott,hahahahahahhah god damn so cute
12:44,crista,crazy though because i think this is like one of those $10k cats
12:44,ã‚¹ã‚³ãƒ•ãƒªãƒ³ Scott,yeah think you gotta pay like 10k for long hair foldy ears
12:44,crista,yeah
12:44,crista,those neighbors have a really fancy house so wouldnt surprise me
12:45,crista,ive seen the cat outside before but he's always on a leash tied up
12:45,crista,he doesn't seem to know what to do with freedom
12:45,ã‚¹ã‚³ãƒ•ãƒªãƒ³ Scott,he's not built for it
12:46,crista,took a picture of him then too lol
12:48,ã‚¹ã‚³ãƒ•ãƒªãƒ³ Scott,that cat could win a beauty padgent
12:49,crista,i know heâ€™s exquisite 
12:49,Tucker,he's the friendliest boy too
12:49,crista,so soft too 
12:49,Tucker,he just walks over and lays on your feet
12:49,crista,yeah not scared at all 
12:49,crista,wants pets 
12:49,crista,there are a lot of strays over here so i'm actually worried he'll get buillied
12:50,crista,"that would probably be the only thing that would make him actually leave the area, if one of the strays came after him"
12:50,ã‚¹ã‚³ãƒ•ãƒªãƒ³ Scott,that boys not winning any kind of hissing contest
12:51,Tucker,yeah definitely not a cagefight contestant
12:51,Tucker,probably not a great ratter
12:52,crista,imagine him vs her 
12:52,crista,shes tough
12:52,crista,seen her stand off with another neighborhood cat before
12:53,ã‚¹ã‚³ãƒ•ãƒªãƒ³ Scott,mean muggin' em
12:55,crista,i actually did leave them a note
12:56,crista,telling them that their cat got out and he seems to want back in but if heâ€™s not there heâ€™s probably just in the neighbors garden since he was kinda wandering around there 
12:57,crista,but thereâ€™s another neighbor that keeps looking out the window at him so if we took him in to take care of him she might think weâ€™re stealing him 
12:58,crista,heâ€™s just laying in front of their door right now so i donâ€™t think heâ€™s going anywhere 
13:00,ã‚¹ã‚³ãƒ•ãƒªãƒ³ Scott,yeah its probably fine
13:00,ã‚¹ã‚³ãƒ•ãƒªãƒ³ Scott,good chance the family has him chipped anyhow even if he does wonder off
13:00,crista,"ah yeah true, i didnt think of that"
13:01,crista,and no one who finds him is gonna think he's a stray
13:02,ã‚¹ã‚³ãƒ•ãƒªãƒ³ Scott,hahahah yeah i'd hope not
13:02,Tucker,I guess i'm worried that he doens't have a collar
13:10,crista,in other news
13:10,crista,https://twitter.com/HolyWowStudios/status/1574762086214819847?s=20&t=w8xIgilSO8uIc1W2MBeHdg
13:12,ã‚¹ã‚³ãƒ•ãƒªãƒ³ Scott,real heroes dont wear capes
17:56,ã‚¹ã‚³ãƒ•ãƒªãƒ³ Scott,earlier today we walked by your guys place to see if the fancy lad was still out and about lol
17:56,crista,hahahah 
17:56,crista,did you see him?
17:56,crista,the neighbors came home around 3 
17:56,crista,i was actually kinda sad 
17:56,crista,for a moment he was ours 
17:57,ã‚¹ã‚³ãƒ•ãƒªãƒ³ Scott,aaaaah damn we were too late
17:57,ã‚¹ã‚³ãƒ•ãƒªãƒ³ Scott,we went by about 4
17:57,crista,awww just missed him 
17:57,Tucker,noooo
17:57,Tucker,he was so nice
17:57,crista,iâ€™ll let you guys know first thing if he gets out again 
17:59,crista,would be funny if he became a neighborhood attraction 
17:59,crista,we should give him a name 
17:59,crista,i was thinking either snowball or taro 
17:59,Tucker,gyoza
18:03,crista,muffin 
18:03,crista,pete 
18:04,crista,bojangles
18:04,ã‚¹ã‚³ãƒ•ãƒªãƒ³ Scott,cant go wrong with snowball
18:04,ã‚¹ã‚³ãƒ•ãƒªãƒ³ Scott,the most reliable of all the cat names
18:07,crista,yeah 
18:07,crista,he IS mostly white 
18:07,Tucker,mimikaki
18:07,crista,works for boy and girl cats too 
18:08,crista,not to be too heteronormative or anything 
18:08,crista,lol thatâ€™s pretty good 
18:08,Tucker,look it's our boy
18:08,crista,ç¶¿æ£’
18:08,crista,apparently that bit is actually for brushing earwax away 
18:08,crista,not just decorative 
18:13,Tucker,yeah
18:13,Tucker,it feels really nice
18:13,ã‚¹ã‚³ãƒ•ãƒªãƒ³ Scott,my ear wax is way too hard and TOUGH to get brushed away by that soft ass shit
18:17,crista,i think japanese ppl are more likely to have the dry kind of ear wax cuz if i put that in my ear it would be disgusting 
18:31,Tucker,lol right
18:32,Tucker,it comes out looking like a horsehair paintbrush
18:35,crista,lmao eww
18:37,ã‚¹ã‚³ãƒ•ãƒªãƒ³ Scott,rubber cement brush
18:40,crista,lol
12:05,Tucker,THEY RETCONNED SLEAZEBAGGANO
12:05,Tucker,"""Elan Sel'Sabagno, also known as Elan Sleazebaggano, was a male Balosar death stick dealer on the planet Coruscant during the Separatist Crisis."
12:05,Tucker,"The character was named by Star Wars creator George Lucas.[7] In Star Wars Legends, the character was identified as Elan Sel'Sabagno.[8]"
20:44,Tucker,sounds cool
20:45,Baby Dp,Yeah (Yes)
20:45,Tucker,sorry no babies are welcome
20:45,crista,ooh yeah looks cute 
20:45,crista,lol
20:46,Tucker,oh wait we have to cross the road?
20:46,Tucker,fuck that 
20:46,Tucker,I'm loyalty to my side
20:48,Baby Dp,Baaaaaaaaby Tucky
20:49,crista,why did the tucky cross the road 
20:50,Baby Dp,Because he a baby 
20:50,crista,bingooo 
20:50,Baby Dp,Gottem 
20:50,Baby Dp,I'm drunk 
20:53,crista,hahahaha
20:53,crista,what time even is it where you are 
20:53,Baby Dp,6am
20:53,crista,lolll
20:54,crista,@Viã¿ãŠğŸ¬ what time do you wanna go?
20:55,crista,oh ok we can meet you in a few min 
21:05,crista,weâ€™re at the crosswalk now 
21:32,crista,"lol alex dropped into a splatoon game i was playing, probably by accident, then he quit the lobby and deleted me from his friends "
21:33,crista,what a weirdoâ€¦
21:35,Tucker,Imagining the freak out
21:38,crista,"for a short moment i thought maybe it was an olive branch but of course no, heâ€™s just even more of a neurotic freak than i thought"
23:23,ã‚¹ã‚³ãƒ•ãƒªãƒ³ Scott,Reeeeeeeeeeeeee
13:15,Tucker,https://twitter.com/bombermanhero/status/1576726436894777344?s=46&t=EsVhhtEYBtM7uC3OYcc-3w
13:22,crista,lol thats awesome
11:32,crista,did you guys see
11:32,crista,ryan reynolds is going to tell us about the future of work
11:32,ã‚¹ã‚³ãƒ•ãƒªãƒ³ Scott,Lol
11:32,ã‚¹ã‚³ãƒ•ãƒªãƒ³ Scott,Thanks Ryan
11:32,crista,"he learned a lot about working while on the set of ""waiting"""
11:33,crista,in 2003
11:33,ã‚¹ã‚³ãƒ•ãƒªãƒ³ Scott,Oooooooooo
13:05,ã‚¹ã‚³ãƒ•ãƒªãƒ³ Scott,Yeah maybe if you're dp
13:06,Baby Dp,It's true
21:56,ã‚¹ã‚³ãƒ•ãƒªãƒ³ Scott,"Oh wow, what a neat idea"
11:52,ã‚¹ã‚³ãƒ•ãƒªãƒ³ Scott,I was smoking outside my hotel and willow happened to drop someone off there 
11:52,ã‚¹ã‚³ãƒ•ãƒªãƒ³ Scott,And now I have to have lunch with her
11:52,ã‚¹ã‚³ãƒ•ãƒªãƒ³ Scott,Fucking kill me 
11:53,Baby Dp,Lol your in Austin?
11:53,ã‚¹ã‚³ãƒ•ãƒªãƒ³ Scott,But I'm going to see smashing pumpkins with Jessica tomorrow so that's kinda sick 
11:53,crista,lol she just messaged me and asked if she could have your line contact
11:53,ã‚¹ã‚³ãƒ•ãƒªãƒ³ Scott,Hahaha yeah some dumb aggops meetup thing
11:54,crista,why is she asking everyone but you
11:54,Baby Dp,Should we do it crista. Should we ruin Scotts trip
11:54,ã‚¹ã‚³ãƒ•ãƒªãƒ³ Scott,Lol who knows
11:54,crista,hahahhahah
11:54,crista,i have never felt more powerful
11:54,Baby Dp,Lol
11:54,Baby Dp,You can experience the same pain I did
11:55,crista,wonder if they'll play anything from the new 5 hour long album
11:55,Baby Dp,Lol
11:55,Tucker,the single funniest thing that could happen
11:55,ã‚¹ã‚³ãƒ•ãƒªãƒ³ Scott,She can literally just slack me. Also I'm pretty sure I have her on line 
11:56,ã‚¹ã‚³ãƒ•ãƒªãƒ³ Scott,One can only hope. I really hope it's fucking terrible I can't wait
11:56,crista,no matter what you'll get to see billy corgan in the flesh so it can't be that bad
11:57,ã‚¹ã‚³ãƒ•ãƒªãƒ³ Scott,Can't be that bald*
11:57,crista,"also i dont even know how to respond to willow, how do i be like ""its kinda weird to ask me to give you someone else's contact info"""
11:57,crista,lol
11:57,ã‚¹ã‚³ãƒ•ãƒªãƒ³ Scott,I hope he's wearing his fat ass priest outfit
11:57,Baby Dp,It would suck if they only played stuff after 2010
11:57,crista,that would be so funny
11:57,Tucker,yeah it would suck if they played the hits
11:58,Baby Dp,A concert for only real pumpkin heads
11:58,crista,i hope they play solara
11:58,crista,mime birth on stage
11:58,ã‚¹ã‚³ãƒ•ãƒªãƒ³ Scott,I saw them once in 2012 or something and the crowd boood because they only played new shit for the majority of the concert
11:58,crista,looool
11:59,Baby Dp,Lol
12:00,ã‚¹ã‚³ãƒ•ãƒªãƒ³ Scott,"Why does she offer to get lunch???? Willow I don't fucking know you, we were barely tangentially friends"
12:01,ã‚¹ã‚³ãƒ•ãƒªãƒ³ Scott,We don't have to make plans to see each other
12:01,Baby Dp,Lol 100% she's just going to watch you eat because she's doing ketosis 
12:01,crista,ask for a sniff
12:01,Baby Dp,Lol that is what she did
12:02,Tucker,you should've said that you were seeing smashing pumpkins twice
12:02,Baby Dp,She sniffed my sausage at the renfaire
12:02,crista,why is she asking multiple line groups for your line info instead of slacking you
12:02,Baby Dp,She smelled meghans fries
12:03,crista,isnt sausage keto anyway? she could have had one
12:03,ã‚¹ã‚³ãƒ•ãƒªãƒ³ Scott,Why did they put me on the second floor of this hotel? I can't even jump off and kill myself
12:03,Baby Dp,Yeah but I ate most of it
12:03,crista,hahahahaha
12:03,crista,now that she knows you're there maybe she'll drop by for a night cap
12:04,crista,just walk up to the check in desk and ask for your room number 
12:04,ã‚¹ã‚³ãƒ•ãƒªãƒ³ Scott,She also said that I lost weight which is funny because I'm definitely the heaviest I've been since being in Tokyo
12:05,crista,god she has such weird aunt energy
12:05,Tucker,I appreciate that willow has literally left the country and we are still having these conversations
12:05,Baby Dp,She's nuts
12:05,ã‚¹ã‚³ãƒ•ãƒªãƒ³ Scott,Hahhahahahahhaha
12:07,crista,god damn now i wish scottbot still worked
12:07,crista,i could give her that line instead
12:07,crista,that would be so funny
12:07,Baby Dp,Lol
12:08,ã‚¹ã‚³ãƒ•ãƒªãƒ³ Scott,Hahhahahahhahahhahhaha
12:08,ã‚¹ã‚³ãƒ•ãƒªãƒ³ Scott,The cruelest of pranks 
12:08,ã‚¹ã‚³ãƒ•ãƒªãƒ³ Scott,Because she actually could never notice the difference
12:09,Tucker,considering how rarely you two interacted how would she?
12:10,Tucker,this feels like F.R.I.E.N.D.S.
12:10,Tucker,"chandler bing goes on a business trip and runs into the ""annoying guy"" from season 3 and the studio audience goes while"
12:10,Tucker,wild
12:10,ã‚¹ã‚³ãƒ•ãƒªãƒ³ Scott,Make it stop 
12:13,crista,i do like how frantically she messaged everyone trying to get a hold of you
12:13,Tucker,yeah she wasted no time
12:13,crista,DOES ANYONE KNOW MY NEPHEWS PHONE NUMBER
12:14,Baby Dp,That's my drunk selfie face
12:15,crista,lol
14:12,crista,hahahahhaah
14:12,crista,doesnt even know his last name
14:12,Baby Dp,Scott scotto 
14:13,crista,i just ignored her
14:16,crista,"i just looked in slack and there aren't THAT many scotts, surely you'd be able to figure it out from the profile picture "
14:16,Baby Dp,Lol
20:00,crista,my god 
22:33,ã‚¹ã‚³ãƒ•ãƒªãƒ³ Scott,All she ever had to do was look up Scott in her line contacts
02:43,crista,lol is she actually already your friend 
02:43,ã‚¹ã‚³ãƒ•ãƒªãƒ³ Scott,Yes
04:53,ã‚¹ã‚³ãƒ•ãƒªãƒ³ Scott,It never ends
04:55,Baby Dp,Willow at the building looking for you 
04:58,ã‚¹ã‚³ãƒ•ãƒªãƒ³ Scott,Hahahhahahahah
04:59,Baby Dp,You can run but you can't hide
11:30,crista,lmao
11:30,crista,she sent me yet another message saying she found you 
11:30,Baby Dp,Lol
11:35,Tucker,lol
11:35,Tucker,just in case you were wondering
11:35,Tucker,"well it's great scott, you're definitely gonna hear all about it from the horse's mouth"
12:05,crista,how were the pumpkins 
14:04,Baby Dp,Cute 
14:11,crista,hahahah 
14:11,crista,guess she had to figure out your last name to send that 
14:14,ã‚¹ã‚³ãƒ•ãƒªãƒ³ Scott,Alright you content monkeys
14:15,ã‚¹ã‚³ãƒ•ãƒªãƒ³ Scott,Just remember I did this for you
14:15,ã‚¹ã‚³ãƒ•ãƒªãƒ³ Scott,It's all for you
14:15,ã‚¹ã‚³ãƒ•ãƒªãƒ³ Scott,[Video]
14:15,Baby Dp,I want to know if she is just going to smell your food while you eat
14:16,Tucker,Content
14:16,crista,YESSSS
14:16,Baby Dp,Lol
14:16,crista,thank god they played it 
14:19,ã‚¹ã‚³ãƒ•ãƒªãƒ³ Scott,It was a blessing
14:19,ã‚¹ã‚³ãƒ•ãƒªãƒ³ Scott,I was laughing but there was no one to laugh with
14:19,Baby Dp,No one in the crowd is moving
14:19,ã‚¹ã‚³ãƒ•ãƒªãƒ³ Scott,It was actually on of the better songs they played because they out in a dope drum solo 
14:20,ã‚¹ã‚³ãƒ•ãƒªãƒ³ Scott,The fuck front of stage has chairs 
14:20,ã‚¹ã‚³ãƒ•ãƒªãƒ³ Scott,So everyone has to stand in place lol 
14:20,ã‚¹ã‚³ãƒ•ãƒªãƒ³ Scott,So bunk 
14:20,Baby Dp,Oh what
14:20,ã‚¹ã‚³ãƒ•ãƒªãƒ³ Scott,"Jessica wanted to sneak downstairs and I was like, why just so we can sit there?"
14:20,Baby Dp,Those are all seats?
14:20,ã‚¹ã‚³ãƒ•ãƒªãƒ³ Scott,Yes
14:21,Tucker,Noticed they arenâ€™t really moving
14:21,Baby Dp,Hahaha 
14:21,Baby Dp,Makes sense all their fans have back problems now
14:21,ã‚¹ã‚³ãƒ•ãƒªãƒ³ Scott,Hahahah yeah they couldn't move even if they were under 45 years old hehehehehe
14:25,ã‚¹ã‚³ãƒ•ãƒªãƒ³ Scott,Dan knew immediately
14:30,Baby Dp,Lol
14:54,crista,omg thats awesome
14:54,crista,imagine getting front row SEATS to the pumpkins
18:48,crista,i did the controller this time 
19:47,crista,i also got a back plate for the switch itself but i had to order a new screwdriver for the hundredth time because i canâ€™t get the damn screws out 
21:25,crista,yeah nintendo has these proprietary screws that are impossible to remove even with the right tools
21:26,crista,"the kit even came with one but it was like, not machined at all? like it was supposed to be a screwdriver but they forgot to carve the tip so itâ€™s just a pointed metal bar "
19:45,crista,young tuck 
19:45,crista,he called the light on top of the taxi the â€œtaxi hatâ€ 
19:51,Tucker,For some reason I canâ€™t stop talking 
19:52,Tucker,Also lol no crista bought a vcr
20:01,Tucker,So I put underwear on my head 
20:01,Tucker,"""And my mom goes â€œIâ€™ll show this to your girlfriendâ€"
20:19,crista,"tuckers dad: â€œno those are not the ROMANS, theyâ€™re the PHONECIANSâ€"
20:19,crista,itâ€™s like a window into the future papa tuck
20:20,crista,this particular clip is so good 
20:21,crista,"â€œdad, what is mercy?â€"
20:21,crista,(dad looks at camera) â€œhow do we explainâ€¦ mercyâ€
20:21,crista,it makes so much sense 
20:23,crista,tuckers bedtime story book 
20:25,crista,an actual time 
20:25,crista,tome 
20:27,crista,soooo cuuuuteee 
20:28,crista,"in this video where tucker is sleeping, his dad has a balloon with a string on jt and he wraps the strings of the balloon around his neck like a noose "
22:06,crista,alsoâ€¦ since we just got a vcr just for these tapesâ€¦ i bought an old video camera 
22:06,crista,so hope you guys are ready to make a movie 
23:44,crista,hahahah yeah splice together him and his dad saying â€œhow do you define mercyâ€
00:07,crista,hahahah yeah like a movie trailer 
00:07,crista,joker 2
00:53,crista,hahahah 
00:54,crista,it works too well
00:59,ã‚¹ã‚³ãƒ•ãƒªãƒ³ Scott,for some God damn reason
01:23,Baby Dp,Some things never change 
05:29,ã‚¹ã‚³ãƒ•ãƒªãƒ³ Scott,So much of the tucker lore is explained through this interaction
12:23,crista,"i know, i don't think i've ever had such a moment where everything clicked"
12:23,crista,poor kid never had a chance
14:29,Baby Dp,Gottem 
15:19,Tucker,I think it's just as crazy that they speak in full sentences
15:20,Baby Dp,I feel like I'm on the same wavelength as that baby
15:25,crista,found a good twitter https://twitter.com/MostControPod
15:27,crista,@Baby Dp this you
15:27,Tucker,https://twitter.com/DontShowYourCat/status/1580166014305992704?s=20&t=wwBQIy2HRupz5GjTAYbSnw
15:27,Tucker,look at thim
15:27,Baby Dp,Lol fuuu
15:29,crista,lmao
15:29,crista,perfect
15:32,crista,Who would win in a Lawyer battle?
15:33,crista,lawyer battle
15:41,Baby Dp,Attournamet 
15:46,Baby Dp,Lol 
21:51,Tucker,We just finished dinner :(
21:54,ã‚¹ã‚³ãƒ•ãƒªãƒ³ Scott,Bitches
01:21,crista,are you back now scoot 
09:01,ã‚¹ã‚³ãƒ•ãƒªãƒ³ Scott,I sure am 
10:58,crista,yaaaay
10:58,Tucker,Why?
12:21,ã‚¹ã‚³ãƒ•ãƒªãƒ³ Scott,"I don't know, I should have stayed in LA, I could feel my dreams coming to life with each passing day there"
12:21,Tucker,Live mÃ¡s
12:22,Baby Dp,Lol you went to LA?
12:23,ã‚¹ã‚³ãƒ•ãƒªãƒ³ Scott,Yeah just for a couple days after the work trip 
12:38,Baby Dp,Noice 
12:40,crista,so close to your big break 
12:40,crista,too bad chapo wasnâ€™t looking for a new guy 
12:48,ã‚¹ã‚³ãƒ•ãƒªãƒ³ Scott,Hahahahhahahah
12:48,ã‚¹ã‚³ãƒ•ãƒªãƒ³ Scott,"My offer to be their ""Japan guy"" just wasn't compelling enough"
13:00,crista,foreign correspondent
13:02,crista,just think of how clutch a japan guy would have been when abe was shot
13:02,crista,gotta come up with your elevator pitch for next time
13:06,ã‚¹ã‚³ãƒ•ãƒªãƒ³ Scott,"""We got scootyboots, reporting in live from Tokyo, what's going on over there? "
13:11,crista,hahahah
13:13,crista,"""it's like something you'd see out of an anime folks - the daimyo has been samurai slashed not with a katana, but with a makeshift shotgun"""
13:14,crista,"""also i just got this farewell email from someone i've never heard of before "
13:14,crista,"""and the """"If you don't know me or we have never had a chance to work together, please stop reading."
13:15,crista,"""this is not for you"""
13:29,ã‚¹ã‚³ãƒ•ãƒªãƒ³ Scott,Hahahahhahahah
13:30,ã‚¹ã‚³ãƒ•ãƒªãƒ³ Scott,Yeah no one says that 
15:36,crista,would you guys wanna get dinner tonight?
15:52,ã‚¹ã‚³ãƒ•ãƒªãƒ³ Scott,Yeah I'm down
16:21,crista,do you guys have anything you've been wanting to try? if not we could see if we can get in at the miyazaki-ken place that's next to the udon place
16:22,Tucker,oh that'd be cool
16:22,crista,yeah as long as it's not full
16:22,ã‚¹ã‚³ãƒ•ãƒªãƒ³ Scott,Yeah I do wanna try that place
19:07,crista,what time do you think youâ€™ll be done w work 
19:12,ã‚¹ã‚³ãƒ•ãƒªãƒ³ Scott,Vi playing dumb internet games with coworkers
19:12,ã‚¹ã‚³ãƒ•ãƒªãƒ³ Scott,She's usually done around 8
19:23,crista,cool 
19:54,Tucker, Miyazaki time??
20:03,Tucker,Cool cool weâ€™re heading out in a bit
20:08,crista,should we get a table? thereâ€™s an open one 
20:08,crista,lucky 
20:09,crista,cool 
20:10,crista,yeah we left early to see if there was any free space since it seems to always be busy 
20:10,crista,but itâ€™s mostly empty 
00:35,crista,can you send me a video of when me and michelle were kids? 
00:35,crista,my friends saw the videos of tucker and they want to see me now 
00:57,crista,lol meant to send to my parents 
13:36,Tucker,"Sure, though weâ€™re not really up and about yet"
14:30,Tucker,nice
14:30,Tucker,omg
14:31,Tucker,can cleo play nice with a bunny
14:52,crista,weâ€™re on our way now!
14:04,ã‚¹ã‚³ãƒ•ãƒªãƒ³ Scott,lol
14:34,Baby Dp,That's gotta be Peru 
15:48,Tucker,yeay
15:48,Tucker,haha
18:34,ã‚¹ã‚³ãƒ•ãƒªãƒ³ Scott,Is tomorrow a you day?
20:46,Tucker,think so yeah
21:36,crista,yeah baybeee
23:04,ã‚¹ã‚³ãƒ•ãƒªãƒ³ Scott,Yaaaaaaaaaaay
12:18,crista,is there an acceptable way to say â€œplease stop DMing me â€œhi cristaâ€ and waiting for me to respond before telling me what you wantâ€ 
12:19,crista,our contractors do this constantly and maybe itâ€™s unfair but i find it so annoying 
12:20,ã‚¹ã‚³ãƒ•ãƒªãƒ³ Scott,hahahahahahahaha 
12:21,ã‚¹ã‚³ãƒ•ãƒªãƒ³ Scott,"That's insanity, I actually don't think anyone's done that to me "
12:21,crista,i swear every single contractor iâ€™ve worked with does this 
12:22,crista,like what am i supposed to say 
12:22,crista,just say hi back?
12:22,crista,hi what do you want?
12:22,crista,i usually just ignore them til they nut up and tel me what they need 
12:23,crista,would you leave someone a voicemail saying hi 
12:23,ã‚¹ã‚³ãƒ•ãƒªãƒ³ Scott,Sup buddy!
12:23,ã‚¹ã‚³ãƒ•ãƒªãƒ³ Scott,You chillin? What's good?
12:25,Baby Dp,Lol
13:13,crista,how about that yen adjustment...
13:14,crista,pretty funny that they were paying like 400 people less than a living wage tho
13:14,ã‚¹ã‚³ãƒ•ãƒªãƒ³ Scott,Hahahaha yeah
13:15,ã‚¹ã‚³ãƒ•ãƒªãƒ³ Scott,Probably security/janetorial staff or some shit 
13:21,crista,"yeah i immediately scrolled to the end of the email expecting some line like ""please note this does not affect contract employees"""
13:21,crista,"remember when that guy fell off the parking garage and indeed was like, not helping him with medical bills"
13:21,ã‚¹ã‚³ãƒ•ãƒªãƒ³ Scott,Oh GOD I forgot about that
13:22,crista,"and it was like a maintenance guy or something, so someone who def couldn't afford it on his own"
14:51,Tucker,Yeah first question is just â€œwhat about contractorsâ€
14:51,Tucker,Oh wait if we paid contractors a living wage we wouldnâ€™t need contractors
14:52,ã‚¹ã‚³ãƒ•ãƒªãƒ³ Scott,"Lol yeah, what's the point"
15:45,Tucker,https://www.youtube.com/watch?v=W-59sWasI98&ab_channel=HenryZhou%27sTextbook
15:47,ã‚¹ã‚³ãƒ•ãƒªãƒ³ Scott,hahahahahahahahahahahahahhaahahah
15:47,crista,so good
15:48,crista,the giant trombone
15:48,ã‚¹ã‚³ãƒ•ãƒªãƒ³ Scott,hahahahahha yeah
15:49,crista,the game allows custom songs now
15:50,ã‚¹ã‚³ãƒ•ãƒªãƒ³ Scott,the floodgates are officially open
15:51,ã‚¹ã‚³ãƒ•ãƒªãƒ³ Scott,when do we make renai circulation nightcore?
15:51,Tucker,finally the game is ready for what it was always meant to be
15:51,ã‚¹ã‚³ãƒ•ãƒªãƒ³ Scott,STRUT
15:51,Tucker,STRUT
15:51,Tucker,HAHAHAHAHAHAHA
15:51,ã‚¹ã‚³ãƒ•ãƒªãƒ³ Scott,YEEEEEEEEES
15:52,crista,omgggg
15:52,Tucker,https://www.youtube.com/watch?v=nOkw8ArGxXk&ab_channel=jaiyrk
15:52,ã‚¹ã‚³ãƒ•ãƒªãƒ³ Scott,hahahhahahahahahahahhahahahahahhahaah
15:54,ã‚¹ã‚³ãƒ•ãƒªãƒ³ Scott,lol this autoplayed after that videoÂ https://www.youtube.com/watch?v=thEbQkcjUWk
15:54,Tucker,this rules
15:54,Tucker,the bubble noises
15:55,ã‚¹ã‚³ãƒ•ãƒªãƒ³ Scott,"hahah yeah, they didn't have to take it that far, but i appreciate they did"
16:04,Baby Dp,Time to create a service like beatsense for tromboner hero
16:17,Tucker,communal tromboning
16:18,Tucker,(sign up to receive three free toots)
16:55,Tucker,https://www.youtube.com/watch?v=VQ1SThsPMVo&ab_channel=DJVIBEKILLER
16:57,ã‚¹ã‚³ãƒ•ãƒªãƒ³ Scott,hahahahahhahahahh i listened to this
16:57,ã‚¹ã‚³ãƒ•ãƒªãƒ³ Scott,so many abominations in here
16:57,Tucker,lmao
16:57,Tucker,I love this concept too
17:02,ã‚¹ã‚³ãƒ•ãƒªãƒ³ Scott,15 is so good
17:03,ã‚¹ã‚³ãƒ•ãƒªãƒ³ Scott,16 too
17:03,Tucker,I'm only at the fitter happier slog
17:05,crista,9. Viva la Vida
17:07,Tucker,why the fuck is James Corden here
17:07,crista,singing nothing compares 2 u
17:11,Tucker,the transition from videotape to viva la vida
17:11,crista,too bad viva la vida is actually a banger
17:12,crista,this version is actually pretty good lol
17:12,crista,better than normal radio head
17:12,Tucker,yeah it's a real song for starters
17:31,Tucker,also big ups for 15 seconds of radioactive
17:38,Tucker,LOL
17:38,crista,the encore
17:38,Tucker,18
17:39,Tucker,IDIOTECHE but it's 4x SPEED
17:42,ã‚¹ã‚³ãƒ•ãƒªãƒ³ Scott,FASTER JOHNNY
11:18,Tucker,https://twitter.com/yugopnik/status/1582491170663706624?s=20&t=odPN0bXn7rQbUnW7q84E9Q
11:22,ã‚¹ã‚³ãƒ•ãƒªãƒ³ Scott,HAHAHAHAHAHAHHAHAHAHA
11:22,ã‚¹ã‚³ãƒ•ãƒªãƒ³ Scott,expertly executed bit
11:24,Tucker,this could've been a quick tweet. but no
11:24,Tucker,it's the good shit
11:24,ã‚¹ã‚³ãƒ•ãƒªãƒ³ Scott,i guess tic tok does have some real value
12:37,Tucker,https://www.reddit.com/r/japanlife/comments/y7q1s5/looking_for_a_shop_similar_to_hot_topic_in_tokyo/?utm_source=share&utm_medium=ios_app&utm_name=iossmf
12:41,ã‚¹ã‚³ãƒ•ãƒªãƒ³ Scott,also interested in techwear recomendations!
12:42,ã‚¹ã‚³ãƒ•ãƒªãƒ³ Scott,"jesus christ, what a great signoff"
12:42,Tucker,Also first comment: village vanguard 
12:42,crista,that was my first thought
12:43,crista,also like any furugiya sells new band shirts
12:43,crista,why doesnt this dude just shop online
12:43,Tucker,Yeah like literally go to shimo 
12:43,crista,cant be that hard to find a metallica tee
12:44,Tucker,70% of the stores have a crappy band tee section
12:44,ã‚¹ã‚³ãƒ•ãƒªãƒ³ Scott,shopping online just doesn't give that same THRILL as hitting up a hot topic
12:46,crista,honestly true
12:51,crista,"trying to buy some stuff from US amazon, subtotal $180..."
12:51,crista,3 man :(
12:51,ã‚¹ã‚³ãƒ•ãƒªãƒ³ Scott,lol
12:51,ã‚¹ã‚³ãƒ•ãƒªãƒ³ Scott,"i just came back from the US okay, i don't wanna hear it"
12:52,crista,hahaha oh yeah bet your wallet's feeling light
12:52,ã‚¹ã‚³ãƒ•ãƒªãƒ³ Scott,"i haven't even looked yet, i don't wanna know the damage"
12:52,ã‚¹ã‚³ãƒ•ãƒªãƒ³ Scott,on top of having to buy a new phone while i was there lol
12:53,crista,"i was buying a new pillow but figured i'd pick up some other stuff to take advantage of the shipping, so i looked up some hefty bags because im tired of my trash bags ripping when i take them out of the garbage can"
12:53,crista,a 120 pack of trash bags is $20
12:53,crista,what the fuck
12:53,ã‚¹ã‚³ãƒ•ãƒªãƒ³ Scott,hahahahahahahahahah
12:53,ã‚¹ã‚³ãƒ•ãƒªãƒ³ Scott,jesus
12:53,crista,the (shitty) trash bags we get here are like 200 yen
12:54,ã‚¹ã‚³ãƒ•ãƒªãƒ³ Scott,you can get thick trash bags here too
12:54,crista,where
12:54,ã‚¹ã‚³ãƒ•ãƒªãƒ³ Scott,not quite hefty but still
12:54,crista,"the ones i got said theyr'e ""super strong"" but they rip even more easily than the ones from 711"
12:54,crista,i rip them putting them INTO the trash can somehow
12:54,ã‚¹ã‚³ãƒ•ãƒªãƒ³ Scott,"mmmm the super market i think, just gotta look for the ones with the highest åšã•number"
12:55,crista,hmm maybe ill look before i splurge on american excellence
12:55,Tucker,Hefty
13:01,crista,oh my god this jacobin article 
13:01,crista,hahahahhaha
13:02,crista,remember when jeremy lives in super han's bathtub in a sleeping bag
13:02,crista,goals
13:02,ã‚¹ã‚³ãƒ•ãƒªãƒ³ Scott,HAHAHAHAHHahahha what?
13:02,ã‚¹ã‚³ãƒ•ãƒªãƒ³ Scott,the whole point of the show is that mark pays for everything
13:02,crista,has this person even seen the show?
13:03,crista,he becomes almost homeless several times 
13:03,ã‚¹ã‚³ãƒ•ãƒªãƒ³ Scott,seeing the character jeremy and being like #goals is fucking hilarious
13:09,ã‚¹ã‚³ãƒ•ãƒªãƒ³ Scott,hahahahahahhahaha
13:09,crista,"""this article is unhinged "
13:11,ã‚¹ã‚³ãƒ•ãƒªãƒ³ Scott,"""nstead, he takes drugs, goes to the pub, has escapades, and pursues a series of disastrous love affairs â€” all of which seem preferable to working."""
13:12,ã‚¹ã‚³ãƒ•ãƒªãƒ³ Scott,uuuuuum yeah no shit bub
13:12,ã‚¹ã‚³ãƒ•ãƒªãƒ³ Scott,"i refuse to believe this was written in good faith, this article is madness"
13:12,Tucker,Madness?
13:12,crista,it seems like a rightoid parody
13:12,crista,so weird
13:12,Tucker,This
13:12,Tucker,Is
13:12,Tucker,https://www.drivethrurpg.com/product/175393/Everything-is-Dolphins
13:20,crista,hahaha
13:20,crista,you already played as a dolphin in our last game so should be easy to get back into the headspace
13:24,Tucker,there is a surprising amount of dolphin themed rpgs
14:12,crista,my god tucker's team has like 3 guys on it who all have glasses and the same facial hair
14:13,crista,and then there's one guy with like flowing blonde hair
14:14,crista,though he too has the same facial hair
14:14,crista,its like looking at tucker's faceapp
14:16,ã‚¹ã‚³ãƒ•ãƒªãƒ³ Scott,Pathetic
14:17,Tucker,lmao
14:17,Tucker,yeah until the two new hires it wsa like
14:18,Tucker,facial hair clones
14:37,ã‚¹ã‚³ãƒ•ãƒªãƒ³ Scott,Just imagining a machine that pumps out tuckers all day
00:47,Baby Dp,Nice Tucker. Get those mugs for the anniversary? Your old lady will love it
00:48,Tucker,Sheâ€™s a freak for the ole indeed tumbler
10:16,Tucker,yeah buddy
13:07,ã‚¹ã‚³ãƒ•ãƒªãƒ³ Scott,FREAK CARROT
13:07,crista,What Kind of a Thing Is This?
13:07,crista,"this is from the local newspaer in bangor, maine in 1937"
13:08,crista,it surprised the staff photographer who is accustomed to freaks of nature
13:28,crista,https://twitter.com/CBSSacramento/status/1582861764173209602?s=20&t=FJcwq5wBTFGFM56Z-8ifgA
13:28,crista,nooooo
13:28,Tucker,Liberals trying to destroy ALL our history 
17:14,ã‚¹ã‚³ãƒ•ãƒªãƒ³ Scott,HAHAHAHAHAHAHAHHAAHHAAH
17:15,crista,"ive changed my mind, we need to have a bill maher watch party"
17:15,ã‚¹ã‚³ãƒ•ãƒªãƒ³ Scott,"we were watching some of his early 2000s stand up last night, it was so fucking funny"
17:16,ã‚¹ã‚³ãƒ•ãƒªãƒ³ Scott,"one of his jokes was like... how republicans are too busy getting pissed off about gay people, instead of caring about our safety (being harder on middle easterners)"
17:17,crista,hellllll yeahhhh
17:17,ã‚¹ã‚³ãƒ•ãƒªãƒ³ Scott,also the first couple minutes of this jim breuer special is actually jaw droppingÂ https://www.youtube.com/watch?v=TgxUkmr6AUw
17:18,ã‚¹ã‚³ãƒ•ãƒªãƒ³ Scott,"he pantamimes beings arabic, riding a camel, and getting blown up by a bomb"
17:18,crista,hahaha tyeah i saw 2002 in the title and was like
17:18,ã‚¹ã‚³ãƒ•ãƒªãƒ³ Scott,while just shouting insane ALALALAJIJAB shit into the mic
17:18,crista,oh boy
17:18,crista,the best time for comedy
17:19,ã‚¹ã‚³ãƒ•ãƒªãƒ³ Scott,the BEST
17:19,crista,also the fucking intro to this is incredible
17:19,crista,rock concert
17:19,ã‚¹ã‚³ãƒ•ãƒªãƒ³ Scott,hahahahahahahahah
17:19,crista,hes a rock start who tells it like it is
17:19,ã‚¹ã‚³ãƒ•ãƒªãƒ³ Scott,such an amazing time capsule
17:20,crista,theyre hangin out in caaaaaves!
17:20,crista,this is incredible
17:20,crista,what the fuck
17:20,Tucker,this is so accurate thouh?
17:21,crista,about 2 min in and hes done the arab voice for about 30% of the time
17:21,Tucker,not to be a lib nitpicker but
17:21,Tucker,is this not a major self own
17:23,Tucker,OSAAAMA *crowd goes wild*
17:23,Tucker,rock outro plays
17:23,ã‚¹ã‚³ãƒ•ãƒªãƒ³ Scott,hahahahahahahahahahahha
17:23,crista,"i cant believe this was staged and filmed, pretty much everyone was making the same jokes for free"
17:23,ã‚¹ã‚³ãƒ•ãƒªãƒ³ Scott,i actually could not believe what i was watching
17:23,Tucker,this is before americans learned how to even be comprehensively racist about the middle east
17:23,ã‚¹ã‚³ãƒ•ãƒªãƒ³ Scott,hahaha yeah exactly
17:24,ã‚¹ã‚³ãƒ•ãƒªãƒ³ Scott,this was a whole new frontier of racism
17:24,Tucker,this is like trying to write racist humor about lithuanians
17:24,Tucker,or belgians or something
17:24,crista,lol his opener is all about how arabs are sand people and then he just pivots to
17:24,crista,talking about having to take the train
17:24,Tucker,"""fucking,,,,, waffles, like, waffles man"""
23:32,Baby Dp,His new rules are so cringe 
23:46,crista,lol we watched one the other day about fat people 
23:46,crista,primo stuff 
23:47,crista,very funny 
03:23,Tucker,https://twitter.com/thetrompwner/status/1583444716552871936?s=46&t=nPmimJctZLgGYTTXjOjgpw
11:51,Tucker,Lmao
11:52,Tucker,"You know what, for once they might be right "
14:05,crista,lmao that comment 
03:09,Tucker,https://twitter.com/odenhead/status/1583832504452071426?s=46&t=VXJvhPynbXBNfEWpczXZnA
06:07,ã‚¹ã‚³ãƒ•ãƒªãƒ³ Scott,I'm ABDL actually
21:12,Tucker,Ah we already ate..!
21:14,crista,yeah i ate like 4 mini pizzas so iâ€™m stuffed 
21:14,ã‚¹ã‚³ãƒ•ãƒªãƒ³ Scott,Losers
21:14,ã‚¹ã‚³ãƒ•ãƒªãƒ³ Scott,It's gunna be so good 
21:15,ã‚¹ã‚³ãƒ•ãƒªãƒ³ Scott,But it is your fault for being bad friends
21:17,Tucker,Yeah but have you considered that you are a butt chugger?
21:45,crista,hahaha 
21:49,ã‚¹ã‚³ãƒ•ãƒªãƒ³ Scott,"Interesting, I'll have to get back to you on this"
21:56,crista,just played with a guy called Aryan and a guy called Deeznuts 
22:11,ã‚¹ã‚³ãƒ•ãƒªãƒ³ Scott,Dp and Aaron are playing Splatoon without everyone
23:04,Tucker,"Wow, very cool Deepee"
12:43,Tucker,https://twitter.com/birdrespecter/status/1584321656600027137?s=46&t=LrHxCyxwvSaZnvoV2wFWJg
13:57,crista,i heard that the sequel to that movie X that we saw is actually good
13:57,crista,the person hated X
13:57,crista,but said the sequel was their fav movie of the year
13:57,ã‚¹ã‚³ãƒ•ãƒªãƒ³ Scott,Lol damn 
13:59,crista,im kinda intrigued now
13:59,ã‚¹ã‚³ãƒ•ãƒªãƒ³ Scott,This interaction needs to be archived in some historical capacity
13:59,crista,wasnt interested at all after seeing X
01:04,crista,hey they had fennel at ozeki so iâ€™m thinking of making a fennel risotto tomorrow night for dinner if you guys wanna come over and get in on it 
01:30,crista,yaaaay 
01:30,crista,maybe some scallops too if i can get them 
15:54,crista,https://code.corp.indeed.com/indeedapply/indapply-webapp/-/merge_requests/2485
15:54,crista,oops
15:55,crista,meant to send this
15:55,crista,thanks for the help asshole
15:56,Tucker,this is how I respond to 99% of slack messages
15:57,crista,"honestly its king shit, this is how i want to respond most of the time but don't out of shame"
15:57,crista,"the implication of the question was not so much ""do you know"" but ""can you help find out"" but dude did not care"
15:58,ã‚¹ã‚³ãƒ•ãƒªãƒ³ Scott,"lol seriously, throw me a fuckin bone here buddy"
16:00,Baby Dp,Vishwas never changed
16:01,crista,lol
16:02,ã‚¹ã‚³ãƒ•ãƒªãƒ³ Scott,Gattu outta here Vishwas! I'm looking for some help here!
16:02,crista,hahahahaha
16:12,Baby Dp,Got em
18:38,crista,btw what time do you think yall will be able to come over? so i know when to start cooking 
18:38,crista,830?
20:13,ã‚¹ã‚³ãƒ•ãƒªãƒ³ Scott,"i'm coming over, let me know if you guys need anything"
20:14,crista,drinks? 
20:15,crista,wine if you wanna get bougie (pinky)
11:02,Baby Dp,https://www.youtube.com/watch?time_continue=3&v=8r0TPD5NUQ0&feature=emb_title
11:09,ã‚¹ã‚³ãƒ•ãƒªãƒ³ Scott,Can't wait to charge my shoes
11:09,Tucker,are these powered heelies basically
11:10,Tucker,I've always wanted to see someone walking like they were a poorly optimized game
11:10,ã‚¹ã‚³ãƒ•ãƒªãƒ³ Scott,Hahahahahahahahah
11:11,Tucker,"""you can walk like a pro in ten steps"""
11:12,Tucker,really needed help with that thanks
11:12,Tucker,also....
11:12,Tucker,white guy in asian guy engineer space giving me big Dr. Hui Hu vibes
11:15,ã‚¹ã‚³ãƒ•ãƒªãƒ³ Scott,You'll be walking like a rod fish in no time
11:16,ã‚¹ã‚³ãƒ•ãƒªãƒ³ Scott,Walk so fast that mentally deranged people might mistake you for a 4 dimensional being
11:26,Tucker,the door is always open to the possibility that moonshoes might be real
11:33,crista,"i was riding a scooter and almost got hit by a car and it made me wonder, what if i was the one hitting people on the pavement"
11:33,crista,hahah tesla namedrop
11:34,crista,i was gonna say this seems like an elon idea
11:36,ã‚¹ã‚³ãƒ•ãƒªãƒ³ Scott,As if you can't get hit by a car walking
11:53,Baby Dp,Lol
15:30,ã‚¹ã‚³ãƒ•ãƒªãƒ³ Scott,they finally opened up that road they've been doing construction on forever
15:33,crista,oh shit really? 
15:33,crista,gonna make getting to shimo a lot faster 
15:33,crista,siiiick 
15:56,Tucker,whoah
15:56,Tucker,we can go to shimo now
00:23,crista,lol
00:23,crista,the not included part is good 
00:28,ã‚¹ã‚³ãƒ•ãƒªãƒ³ Scott,Hahaha fuckin brutal
01:36,Baby Dp,Hmmm
10:28,ã‚¹ã‚³ãƒ•ãƒªãƒ³ Scott,The good shit
12:30,crista,donâ€™t do this to me man 
12:30,crista,iherb was all sold out and i bought a terrible alternative 
12:30,Tucker,Wow they just sell bottles of piss at the store now?
13:38,Baby Dp,Duck flaps
17:02,Tucker,https://twitter.com/kaiserneko/status/1586118700327137282?s=46&t=WCbaZlLhknBfKWwSOIppmA
18:29,ã‚¹ã‚³ãƒ•ãƒªãƒ³ Scott,Hahahahahahahaha 10/10 
18:30,ã‚¹ã‚³ãƒ•ãƒªãƒ³ Scott,"Just too on the nose, my god "
13:14,Tucker,https://twitter.com/parisnogas/status/1586324963291979776?s=46&t=DTFjLqEip2DE1IqoZWp3DA
13:48,crista,my bonus this quarter was Â¥8000
13:48,ã‚¹ã‚³ãƒ•ãƒªãƒ³ Scott,Hahahaha what
13:48,ã‚¹ã‚³ãƒ•ãƒªãƒ³ Scott,How is that possible?
13:48,crista,i do not know 
13:48,crista,that seems wrong 
13:50,crista,is it because i was on leave? i thought it was based on company performance
13:50,Baby Dp,I was gonna say did you score a negative 2
13:51,crista,lol seriously 
13:52,ã‚¹ã‚³ãƒ•ãƒªãƒ³ Scott,It's based on a percentage of however much money you earned the previous quarter I think
13:52,ã‚¹ã‚³ãƒ•ãƒªãƒ³ Scott,The better your eval the higher the percentage
13:53,Baby Dp,The ol don't let the door hit you on the way out bonus
13:55,crista,then it seems like the bonus should have been 0 since i made no money last quarter 
13:55,crista,i guess i shouldnâ€™t complain 
16:23,Baby Dp,So I went to see death from above and it turns out bass dude vape with same vape I have
16:27,Baby Dp,I yelled Hella hard when he ripped one
16:27,crista,hahahah hell yeah 
16:27,crista,i used to think that guy was such a hottie in hs 
16:27,crista,glad to see he has good taste 
16:27,Baby Dp,He looks exactly the same
16:28,Baby Dp,It's like he was stuck in a 2005 time loop
17:01,ã‚¹ã‚³ãƒ•ãƒªãƒ³ Scott,So hype 
17:02,Baby Dp,To be fair I could not stop laughing 
17:11,Tucker,real recognize real
15:59,Tucker,https://twitter.com/sw_moment/status/1587058657388281860?s=46&t=ToPEe66PD94-aLCeiHF9ZQ
16:03,Tucker,https://twitter.com/knuckleheadbets/status/1587271348354781186?s=46&t=ToPEe66PD94-aLCeiHF9ZQ
16:19,Baby Dp,That IMac tho
16:33,ã‚¹ã‚³ãƒ•ãƒªãƒ³ Scott,Rip Alexis from pizza hut 
15:45,crista,"iâ€™ve recently been going on reddit with a vpn enabled and most of the ads i get are about trials for different medications, but this is the funniest so far "
16:43,ã‚¹ã‚³ãƒ•ãƒªãƒ³ Scott,hahahahhahahah
16:44,ã‚¹ã‚³ãƒ•ãƒªãƒ³ Scott,The app that wants to fuck you for having such good habits
03:23,Tucker,Good habits
12:31,crista,"are you guys back from ishigaki yet? looks nice today, we could hit the park "
12:48,ã‚¹ã‚³ãƒ•ãƒªãƒ³ Scott,Aaah won't be back till Friday night
13:28,crista,oh for some reason i thought you were coming back yesterday 
13:28,crista,how is it?
13:57,crista,poor kid is at the park by himself again 
13:58,crista,the park staff told him to be quiet 
18:26,ã‚¹ã‚³ãƒ•ãƒªãƒ³ Scott,"He's such a little shit, but after I saw that he plays so nice with the other kids, I feel bad for him "
18:27,Tucker,Today he was yelling about ã‚¦ãƒ³ã‚³ãƒ”ã‚¶
18:27,ã‚¹ã‚³ãƒ•ãƒªãƒ³ Scott,Hahahhahahahhahaga
18:28,crista,and climbing on top of the garbage can
18:28,crista,"but he has like zero supervision, what do you expect "
18:29,crista,first time i saw him i thought he was annoying but now i just feel bad for him 
18:29,Tucker,Yeah
18:29,crista,didnâ€™t realize this is his every day 
18:29,Tucker,If you scream and yell and do basically anything to get some reaction from people and they ignore you through it all
18:30,ã‚¹ã‚³ãƒ•ãƒªãƒ³ Scott,Yeeeeeah 
18:33,crista,he was standing on the garbage yelling and waving a tarp around and people were just going up throwing away trash GETTING HIT IN THE FACE BY THE TARP and ignoring him 
18:33,crista,"no one even like, hey get down you might get hurt if you fall "
18:34,ã‚¹ã‚³ãƒ•ãƒªãƒ³ Scott,Hahahahaahhahahahahahhaha
18:34,crista,kid knows how to make his own fun though thatâ€™s for sure 
18:34,ã‚¹ã‚³ãƒ•ãƒªãƒ³ Scott,He's a pro 
21:03,Tucker,hmm
22:09,ã‚¹ã‚³ãƒ•ãƒªãƒ³ Scott,So insensitive
01:06,Baby Dp,Finally a Romeo and Juliette for 2079
12:12,Tucker,In the Moof For love cinematic universe coming:
12:12,Tucker,https://twitter.com/notebookmubi/status/1588112275013074947?s=46&t=Z_e-iEMP6ZBxbATh64JQ4w
12:26,ã‚¹ã‚³ãƒ•ãƒªãƒ³ Scott,Lol what the fuck 
12:27,ã‚¹ã‚³ãƒ•ãƒªãƒ³ Scott,Still gotta watch 2046
12:30,Tucker,gotta watch it before 2046
15:43,Tucker,https://www.youtube.com/watch?v=6q_0wxzClkg&ab_channel=TorqueTestChannel
15:43,Tucker,"damn, amazon best seller flashlights aren't truthful about their lumens"
15:43,Tucker,that's fucked. Up.
16:44,ã‚¹ã‚³ãƒ•ãƒªãƒ³ Scott,Honestly
16:44,ã‚¹ã‚³ãƒ•ãƒªãƒ³ Scott,That's fucked up
19:36,ã‚¹ã‚³ãƒ•ãƒªãƒ³ Scott,I swear if I had room in my bag I would have gotten this for you tucker 
19:41,crista,hahahahaha omg 
19:41,Tucker,Omfg
19:41,crista,is that a bug with a gun 
19:41,Tucker,Bugdam 
20:27,Tucker,https://twitter.com/gumby4christ/status/1588371880154894336?s=46&t=u9AZyLwWZqJvurmkXj5nLQ
22:35,ã‚¹ã‚³ãƒ•ãƒªãƒ³ Scott,This should be our new hobby
00:27,ã‚¹ã‚³ãƒ•ãƒªãƒ³ Scott,We're walking back from ikenoue now
00:28,ã‚¹ã‚³ãƒ•ãƒªãƒ³ Scott,Could stop by your guys place for a quick hang if you guys want
00:30,Tucker,"We're not doing nothing, if you guys wanna drop by!"
00:36,ã‚¹ã‚³ãƒ•ãƒªãƒ³ Scott,Okay!
03:02,crista,cleo got all cozy while we were talking 
03:02,ã‚¹ã‚³ãƒ•ãƒªãƒ³ Scott,Daaaaaaaw
03:03,ã‚¹ã‚³ãƒ•ãƒªãƒ³ Scott,Bored to death from all the stories
03:04,crista,dog just canâ€™t hang 
03:04,Tucker,Doesnâ€™t know how to have fun
03:07,ã‚¹ã‚³ãƒ•ãƒªãƒ³ Scott,Really disappointing
15:54,crista,FUCK YOU FUCK YOU FUCK YOU AHSJDJJWJSXJDKDJJSJXJDNSNS
15:55,crista,I HATE THIS COMPANY 
15:55,crista,DO NOT BUY A ROOMBA
15:56,crista,WHY DO THEY SELL THE PART IN AMERICA BUT IN JAPAN YOU HAVE TO SEND IT IN 
15:56,crista,IT TAKES LITERALLY FIVE MINUTES TO REPLACE!!!!!!!!?????????
17:49,crista,iâ€™m like irrationally pissed off by this 
17:49,Baby Dp,Dumba 
17:49,crista,maybe itâ€™s because i got duped into buying an expensive bootleg part that was broken but iâ€™m ready to go full karen on them 
17:50,ã‚¹ã‚³ãƒ•ãƒªãƒ³ Scott,Hahahahahaha 
17:50,ã‚¹ã‚³ãƒ•ãƒªãƒ³ Scott,Rough
10:23,crista,omg 
10:23,crista,bizkit playing? 
11:01,Baby Dp,I think it's a theme night so just djs
13:55,crista,i honestly wouldnâ€™t know what to expect 
13:55,crista,are you gonna go 
14:10,Baby Dp,Lol no
14:10,Baby Dp,I'm gonna be going to Mexico 
14:13,Tucker,damn
13:13,crista,first holiday party since 2019 and itâ€™s a family day lol
13:13,crista,theyâ€™re gonna have a face painter
14:00,Baby Dp,Woah indeed  doing Christmas party?
14:01,crista,yeah first one since covid 
14:01,ã‚¹ã‚³ãƒ•ãƒªãƒ³ Scott,Waaaawy 
20:06,crista,you guys see the eclipse? looks cool 
20:07,ã‚¹ã‚³ãƒ•ãƒªãƒ³ Scott,Yeah we just saw it
20:07,ã‚¹ã‚³ãƒ•ãƒªãƒ³ Scott,So cool
20:16,Tucker,Wild 
00:23,ã‚¹ã‚³ãƒ•ãƒªãƒ³ Scott,Hahahahahahahahaha
00:23,ã‚¹ã‚³ãƒ•ãƒªãƒ³ Scott,"Too bad they're not job seekers, can't value them "
00:24,Tucker,"Donâ€™t worry, they will be soon "
00:25,ã‚¹ã‚³ãƒ•ãƒªãƒ³ Scott,"Once we fire them, we'll have their back for sure"
00:26,ã‚¹ã‚³ãƒ•ãƒªãƒ³ Scott,Wanna work at Walmart? We got ya buddy
11:03,ã‚¹ã‚³ãƒ•ãƒªãƒ³ Scott,https://twitter.com/joel_bostic/status/1590119506361188352?s=12&t=7rmMNKse-iCd50U0mUepIA
16:55,Tucker,https://twitter.com/numetal_moment/status/1590102635021209600?s=20&t=isbQ0RRaCIW5bI4HwGxofQ
16:57,Baby Dp,The most important tweet I've seen in the last 24 hours
16:50,Baby Dp,Bro looks like he was a survivor of Woodstock 99
17:00,crista,hahaha
17:01,crista,he was the guy who climbed the audio tower 
19:45,Tucker,We maked waffles and breakfast stuff
19:45,Tucker,You guys want waffles
19:46,crista,yeah sorry i wasnâ€™t looking at my phone but weâ€™re doing breakfast for dinner if you want in 
19:46,crista,bacon eggs and waffles 
19:47,crista,we have way too much so feel free if you havenâ€™t made other plans yet 
19:53,Tucker,We could watch equilibrium ğŸ¤©ğŸ¤©ğŸ¤©
19:54,Tucker,Or Harry Potter: prisoner of Azkaban
19:54,Tucker,Or CSPAN
20:29,ã‚¹ã‚³ãƒ•ãƒªãƒ³ Scott,alrighty sounds good
20:31,Tucker,Weâ€™ve only got two strips of bacon left ğŸ˜°
20:31,Tucker,But plenty of waffles and eggs
20:32,ã‚¹ã‚³ãƒ•ãƒªãƒ³ Scott,hahah the bacon's always the first to go
20:33,crista,yeah if you guys want i can make ã‚¦ã‚¤ãƒŠãƒ¼ if you pick some up but there was less bacon than i thought haha 
20:37,crista,oh can you get milk 
20:41,ã‚¹ã‚³ãƒ•ãƒªãƒ³ Scott,suuuuure
00:57,crista,"oh yeah i forgot to mention, our upstairs neighbors just moved out "
00:57,crista,you guys moved too early 
00:57,crista,coulda been in at the sweetpea 
00:58,ã‚¹ã‚³ãƒ•ãƒªãƒ³ Scott,Whaaaaaaaat that's bullshit
00:58,ã‚¹ã‚³ãƒ•ãƒªãƒ³ Scott,We could own the block 
01:17,crista,i think itâ€™s roughly the same size 
01:18,crista,if it was bigger iâ€™d consider moving in there 
01:18,crista,if my neighbors next to me moved out iâ€™d 100% ask to take that unit 
10:01,Tucker,Okay but moment of truth
10:01,Tucker,Jib of Ghib
10:01,Tucker,Or
10:01,Baby Dp,Gibblets
10:59,Tucker,https://twitter.com/teabaggingarena/status/1590518746732711937?s=20&t=fD4AqZ7m-SQ2mDSiTeUbUA
12:12,ã‚¹ã‚³ãƒ•ãƒªãƒ³ Scott,Hahahagahahahgagahahahahhahhahahahahah
13:03,crista,fuck to talking heads challenge 2022
13:28,crista,you guys watchign the hackathon presentations?
13:28,ã‚¹ã‚³ãƒ•ãƒªãƒ³ Scott,"no, are they happening now?"
13:28,crista,yeah
13:28,crista,the current guy presenting has the best project ive ever seen
13:29,ã‚¹ã‚³ãƒ•ãƒªãƒ³ Scott,fuuuuck i only saw the last bit
13:29,ã‚¹ã‚³ãƒ•ãƒªãƒ³ Scott,what was it?
13:29,crista,he did an midjourney/DALL-E type integration to generate an image of the workplace in every job description
13:30,crista,and his example was
13:30,crista,kermit the frog working at whatever the job was
13:30,crista,so like
13:30,ã‚¹ã‚³ãƒ•ãƒªãƒ³ Scott,hahahahhahahahahh fuck that's so good
13:30,crista,kermit at mcdonalds
13:30,crista,kermit at amazon warehouse
13:30,ã‚¹ã‚³ãƒ•ãƒªãƒ³ Scott,hahahahahah
13:30,crista,it was so good
13:30,crista,so far everything ive seen has been really cool
13:54,ã‚¹ã‚³ãƒ•ãƒªãƒ³ Scott,this is actually the best hackathon damn
14:00,crista,i know i'm so impressed
14:00,crista,people really going all out
14:35,crista,holy shit natsuhiro's mustache is so powerful
14:35,ã‚¹ã‚³ãƒ•ãƒªãƒ³ Scott,I had to step away to eat lunch :'(
17:52,crista,do you guys wanna go somewhere for dinner tonight since you ended up coming here instead? 
19:14,ã‚¹ã‚³ãƒ•ãƒªãƒ³ Scott,yeah sure
19:14,ã‚¹ã‚³ãƒ•ãƒªãƒ³ Scott,"vi's playing games with co-workes, but i'm assuming she'll want to get dinner"
19:17,crista,another thrilling game of pictionary with the girl that canâ€™t read?
19:17,ã‚¹ã‚³ãƒ•ãƒªãƒ³ Scott,hahahahahahha that's correct
19:19,Tucker,"""siDKC50202209"
19:19,Tucker,sick
19:41,crista,oh cool 
19:41,crista,anywhere you guys have been wanting to try?
19:48,crista,ooh looks good 
19:48,crista,iâ€™m down 
19:58,crista,what time?
20:04,crista,cool
20:06,crista,yaaay
20:40,crista,sure 
18:08,Baby Dp,Meghan found this audio book cover
18:14,Tucker,Oh fuck this rules
18:14,Tucker,Itâ€™s blonde crista
18:36,crista,lol thatâ€™s awesome 
18:38,Baby Dp,Gottem 
23:49,ã‚¹ã‚³ãƒ•ãƒªãƒ³ Scott,Based 
00:25,crista,lol
02:19,Baby Dp,Lol
15:12,ã‚¹ã‚³ãƒ•ãƒªãƒ³ Scott,https://www.youtube.com/watch?v=SYsbacmkgG0
15:12,ã‚¹ã‚³ãƒ•ãƒªãƒ³ Scott,just sounds like karaoke
15:29,crista,haha yeah
15:30,crista,"it's not as funny when the trombone is filling in for the lyrics instead of like, the trombone part of the song"
15:35,ã‚¹ã‚³ãƒ•ãƒªãƒ³ Scott,yeah true
18:17,ã‚¹ã‚³ãƒ•ãƒªãƒ³ Scott,you're kids edc is not on point
18:24,Tucker,"*chuckling* heh, what's the throw on those light up skechers?"
18:27,ã‚¹ã‚³ãƒ•ãƒªãƒ³ Scott,hahahahahahaha
18:28,ã‚¹ã‚³ãƒ•ãƒªãƒ³ Scott,at least the come with defensive strobe mode
19:02,Tucker,Lmao
16:37,ã‚¹ã‚³ãƒ•ãƒªãƒ³ Scott,why do the ugliest girls always complain the most?Â https://twitter.com/abughazalehkat/status/1592286181563273219?s=20&t=eKrIo35UltvobkixbWl8UA
16:45,Tucker,always with the tattoos
16:47,crista,"lol god that was such a limp-dicked ""own"" "
16:49,crista,why not at least call her a blue hair sjw or something 
17:18,Baby Dp,Corny 
11:31,ã‚¹ã‚³ãƒ•ãƒªãƒ³ Scott,The missing link to my boner 
15:25,crista,"guy in one of my meetings just said some ominous shit about ""hearing something about budget cuts"" but then he didn't want to say anymore "
15:25,crista,now hes got me worried
15:34,ã‚¹ã‚³ãƒ•ãƒªãƒ³ Scott,yikesareeno
16:25,Baby Dp,Meghan went to Austin 2 weeks ago and they told everyone this was last thing they can expense 
16:25,Baby Dp,They couldn't expense food
16:27,ã‚¹ã‚³ãƒ•ãƒªãƒ³ Scott,wooooooow
16:29,crista,lol fuck that sucks 
16:29,Tucker,what the fuck
16:30,crista,probably would have cancelled the trip if they could 
16:30,crista,i decided to look on blind to see what people were saying since i had a feeling the guy i was talking to heard whatever he heard on there 
16:30,crista,this thread about the holiday gift is making me cry laughing 
16:33,ã‚¹ã‚³ãƒ•ãƒªãƒ³ Scott,hahahahahahahah
17:28,Baby Dp,Lol
17:29,ã‚¹ã‚³ãƒ•ãƒªãƒ³ Scott,Why does anyone care what the company gift is
17:51,crista,its blind they care about everything
17:51,crista,its sole purpose is to complain
17:52,crista,i am kinda mad though that there's no option to donate the money in lieu of the gift this year though since i dont want the shoes
17:57,ã‚¹ã‚³ãƒ•ãƒªãƒ³ Scott,Oh yeah that's strange they didn't offer that
10:30,Tucker,2 sauces
10:30,ã‚¹ã‚³ãƒ•ãƒªãƒ³ Scott,2 sauces 
19:46,crista,eeeeew
21:30,Tucker,Reverse racism
22:01,ã‚¹ã‚³ãƒ•ãƒªãƒ³ Scott,disgusting
11:46,Baby Dp,So i had lunch with Eddie the uxd director today. He basically told meghan that so far no layoffs but he has told managers that if it does come to lqyoffs the inital plan is 5% per team. So basically the people not pulling weight are at risk of cuts if it comes to it
11:47,Baby Dp,But yeah budget is tight as hell now
11:48,Baby Dp,They just doing preparing for worst case so managers have some targets on bad performers..
11:49,Baby Dp,But also a lot of managers have targets on their back too because there are some real bad ones. 
11:50,Baby Dp,Also they have some juicey salaries
11:58,crista,god if they do have to get rid of people it would be great if they started with managers
12:00,Baby Dp,Yeah several managers in sf and austin are probaly getting blasted
12:00,Baby Dp,Dunno if any of this affects tokyo
12:00,crista,yeah iâ€™ve been wondering about that too 
12:01,Baby Dp,Seems like it might be a usa thing because salaries are way higher
12:01,crista,yeah thatâ€™s what i was thinking 
12:02,crista,also since the yen is worth nothing right now we cost even less lol
12:02,Baby Dp,Like meghans manager they trying to boot his ass
12:02,crista,lol really? 
12:03,Baby Dp,Yeah some other manager was going to quit because of her manager and they were like nah dont we getting rid of this dude
12:04,Baby Dp,Fucking game of thrones usa side for managers and directors
12:04,crista,wow thatâ€™s actually pretty scary 
12:04,Baby Dp,Also tomas is fucking ballin
12:05,crista,like salary?
12:05,Baby Dp,He leaving tokyo and buolt himself a compound in his home country
12:05,Baby Dp,Worth 1 million dollars
12:05,crista,lmao what 
12:05,crista,a compound 
12:05,Baby Dp,Yeah
12:06,crista,???
12:06,Baby Dp,Several mini houses
12:06,ã‚¹ã‚³ãƒ•ãƒªãƒ³ Scott,Hahahahhahahahahhhaha
12:06,Baby Dp,With a main one
12:06,crista,?????
12:06,crista,what
12:06,Baby Dp,And achers of land
12:06,crista,â€¦why 
12:06,Baby Dp,One is a man cave house
12:06,crista,lmao that is the least surprising part 
12:06,ã‚¹ã‚³ãƒ•ãƒªãƒ³ Scott,Jesus
12:06,Baby Dp,Hes building an empire
12:07,crista,that is very weird 
12:07,Baby Dp,Hia man cave is going to have a statue of jordan peterson
12:08,crista,he should just invite jordan peterson to live there 
12:08,crista,heâ€™d probably accept 
12:08,Baby Dp,As long as it aint woke
12:09,Baby Dp,But yeah must have been getting either massive ltips or had a 200k salary in tokyo
12:10,Baby Dp,Probably both
12:10,crista,yeah prob both 
12:11,Baby Dp,Also no one can transfer to seattle or sf because salaries too high. People can only transfer to locations with lower salaries
12:11,crista,czech republic is also prob cheaper than here 
12:12,Baby Dp,For sure
12:12,ã‚¹ã‚³ãƒ•ãƒªãƒ³ Scott,He probably just had to sell his extra ps5s 
12:12,Baby Dp,Lol
12:29,ã‚¹ã‚³ãƒ•ãƒªãƒ³ Scott,https://twitter.com/hehewaitwhut/status/1593422773073764353?s=46&t=YvgVz-d7Ir5IjmefbZKVjg
12:41,crista,hhhahahaha
12:42,ã‚¹ã‚³ãƒ•ãƒªãƒ³ Scott,The joys of Hanukkah
13:16,Tucker,A dedicated PlayStation house?
13:32,Baby Dp,Lol
14:40,Tucker,Also holy shit Iâ€™m in Inaka and local tv is 
14:40,Tucker,Broadcasting 
14:40,Tucker,Local elementary school track and field competitions 
14:46,crista,they could be the next usain bolt 
14:51,Baby Dp,Thats actually pretty
14:51,Baby Dp,Cool
14:54,Tucker,A kid gave up 
14:58,ã‚¹ã‚³ãƒ•ãƒªãƒ³ Scott,That's awesome
11:10,Tucker,https://twitter.com/chadloder/status/1594139381727916033?s=46&t=Bqu-9JbhEw-A8ZsO03-tUQ
13:02,ã‚¹ã‚³ãƒ•ãƒªãƒ³ Scott,Let's fucking go
10:45,Tucker,war dolphin
10:50,Tucker,cyberdolphin
11:32,Tucker,Dolphins know whatâ€™s up
11:48,ã‚¹ã‚³ãƒ•ãƒªãƒ³ Scott,https://twitter.com/bonuseruptus/status/1594385841660502022?s=46&t=eCcv4wAXnRjTb60xXaAMxQ
11:48,Tucker,Delete this
11:48,Tucker,Shhh
11:49,Tucker,[Sticker]
11:49,ã‚¹ã‚³ãƒ•ãƒªãƒ³ Scott,Shhhhhhhhhhhh
11:49,Tucker,[Sticker]
11:58,ã‚¹ã‚³ãƒ•ãƒªãƒ³ Scott,https://twitter.com/adfreepremium/status/1594852481573462021?s=46&t=eCcv4wAXnRjTb60xXaAMxQ
11:59,Tucker,LMAO
14:19,Tucker,losing my fucking mind at this list
14:19,Tucker,dont give elmo the aux cable
14:23,Baby Dp,Yeah Jesus 
14:23,Tucker,c
14:39,ã‚¹ã‚³ãƒ•ãƒªãƒ³ Scott,Actual physical incarnation of reddit 
02:21,crista,what time do you guys think you can come over on sat? 
16:41,ã‚¹ã‚³ãƒ•ãƒªãƒ³ Scott,"""Fuuuuuck I totally forgot we were doing Thanksgiving Saturday"
17:50,crista,"oh ok well you can always come get leftovers the next day too if you want, iâ€™m sure there will be a lot "
18:00,ã‚¹ã‚³ãƒ•ãƒªãƒ³ Scott,Cool sounds good
20:57,ã‚¹ã‚³ãƒ•ãƒªãƒ³ Scott,You guys have dinner yet? 
21:04,Tucker,"Ah yeah, we are"
21:04,Tucker,Ate 
21:05,ã‚¹ã‚³ãƒ•ãƒªãƒ³ Scott,Fucking eaters 
21:41,ã‚¹ã‚³ãƒ•ãƒªãƒ³ Scott,"We're having some dinner now, could swing by your place after if you guys wanted to hang for a bit "
22:02,crista,i gotta turn in pretty early today cuz i have to get up at like 9 tomorrow to start cooking everything so canâ€™t really hang tonight 
22:16,ã‚¹ã‚³ãƒ•ãƒªãƒ³ Scott,Word word
23:27,ã‚¹ã‚³ãƒ•ãƒªãƒ³ Scott,You guys still hanging?
23:43,Tucker,Yee
14:06,Tucker,https://www.youtube.com/watch?v=asKjg258fTc
14:06,Tucker,"""severely obliviated"" new word just dropped"
14:10,Tucker,getting absolutely obliviated at the times square nintendo store
14:11,Tucker,"""faded than a hoe"
14:11,Tucker,ganginton in the building
14:46,ã‚¹ã‚³ãƒ•ãƒªãƒ³ Scott,This is what the world needs right now 
14:46,ã‚¹ã‚³ãƒ•ãƒªãƒ³ Scott,Yuuuuuuuuuuup yodi GANG
14:46,ã‚¹ã‚³ãƒ•ãƒªãƒ³ Scott,You feel me?
14:46,Tucker,"On some blinkerton city type shit, you feel me?"
14:47,Tucker,Forrealforreal
14:47,ã‚¹ã‚³ãƒ•ãƒªãƒ³ Scott,Yuuuuuuuup
14:53,Baby Dp,No cap
15:45,Tucker,nuthios balmer out here in yodieland
15:45,Tucker,getting faded as a hoe
12:10,ã‚¹ã‚³ãƒ•ãƒªãƒ³ Scott,https://twitter.com/flikzxr/status/1594181521568829441?s=46&t=HKpIUGCBXTgB9DOCPtDJ7A
13:15,crista,i like how he only has one song 
13:15,Tucker,"as it turns out, we've already heard it"
13:15,Tucker,10000000 times
13:15,Tucker,because it's one of the four things he says
16:20,crista,"spotify put this on my ""release radar"" to make sure i wouldn't miss it"
16:20,crista,https://open.spotify.com/track/0CGyintEvK6qL0BPvQWZ37?si=be62ff0b1b68442d
16:20,crista,this is so funny
16:21,crista,BAD MAN BBBAD MAN
16:27,ã‚¹ã‚³ãƒ•ãƒªãƒ³ Scott,AHHAHAHAHAHAHAHAHAHA
16:27,crista,lmaooo
16:27,ã‚¹ã‚³ãƒ•ãƒªãƒ³ Scott,BAD MAN like a BLIND MAN trying to find himself in the dark
16:27,crista,cant get it out of my head
16:27,ã‚¹ã‚³ãƒ•ãƒªãƒ³ Scott,WHAT???????
16:27,ã‚¹ã‚³ãƒ•ãƒªãƒ³ Scott,i feel like i'm be trolled right now
16:28,crista,oh my god
16:28,crista,tucker just looked it up on wikipedia
16:28,crista,THE SONG WAS INSPIRED BY THE RUSSIAN INVASION OF UKRAINE
16:28,crista,HAHAHAHHAHA
16:28,ã‚¹ã‚³ãƒ•ãƒªãƒ³ Scott,i feel like disturbed made this album for the sole purpose of reaction videos
16:28,Tucker,I'm going to kill myself
16:28,ã‚¹ã‚³ãƒ•ãƒªãƒ³ Scott,HAHAHAHAHAHAHHAHAHAHAHAHAHAHAHAHAHAHAHAHAH
16:29,ã‚¹ã‚³ãƒ•ãƒªãƒ³ Scott,"uh-wa-ah-ah-ah disturbed guy has a ukrane flag in his twitter bio, of course"
16:30,ã‚¹ã‚³ãƒ•ãƒªãƒ³ Scott,"""what's the reason why? bad man????"
16:30,crista,i want to call it a fall from grace but honestly it seems like something else entirely
16:30,ã‚¹ã‚³ãƒ•ãƒªãƒ³ Scott,the first track has 11 million plays
16:31,Tucker,https://genius.com/Disturbed-divisive-lyrics
16:31,Tucker,I like these extremely angry lyrics that could be about literally anyone right now
16:32,Tucker,"""huh this kind of sounds like something I'd listen to"""
16:32,Tucker,"They have often cited their influences as Black Sabbath, Judas Priest, Metallica, Pantera, Iron Maiden, QueensrÃ¿che, and Soundgarden."
16:32,Tucker,ah. nevertheless this is cringe
16:33,ã‚¹ã‚³ãƒ•ãƒªãƒ³ Scott,NOOOOOO disturbed isn't cool enough to stanÂ QueensrÃ¿che
16:33,Tucker,some apples get launched far from the tree
16:33,ã‚¹ã‚³ãƒ•ãƒªãƒ³ Scott,just christ i can stop laughing every time i head BAD MAN in my inner monologue
16:33,Tucker,by a Ukrainian Konkurs-2 missile
16:33,ã‚¹ã‚³ãƒ•ãƒªãƒ³ Scott,lol
16:33,Tucker,b-b-b-b-BAD MAN
16:33,Tucker,it feels like they've gotten technically more skilled and now they want to return to the roots
16:34,Tucker,this is like disturbed covers nightwish
16:38,Tucker,he
16:38,Tucker,god
16:45,Tucker,https://www.youtube.com/watch?v=s4JudskwgAc
16:46,ã‚¹ã‚³ãƒ•ãƒªãƒ³ Scott,i will not watch this
16:47,Tucker,"he literally is out here being like ""I can sing too!!"""
16:47,Tucker,this sounds like bootleg mindcrime II
16:49,ã‚¹ã‚³ãƒ•ãƒªãƒ³ Scott,final fantacy 10 music vide o
16:49,ã‚¹ã‚³ãƒ•ãƒªãƒ³ Scott,5 minutes of watching a sword fly through clouds
16:49,Tucker,holy shit bad man has a music video
16:50,ã‚¹ã‚³ãƒ•ãƒªãƒ³ Scott,this tacks probably about climate change
16:50,Tucker,it looks like it's all AI art
16:50,ã‚¹ã‚³ãƒ•ãƒªãƒ³ Scott,bad man has a music video too
16:51,Tucker,I'm crying
16:51,Tucker,it's true that we are all cowards who bow to a bad man
16:51,Tucker,we're all victims of another bad man
16:52,ã‚¹ã‚³ãƒ•ãƒªãƒ³ Scott,let's make a song called BAD MEN (it's about the CIA shhhhhhhhhhh)
16:52,Tucker,>: L
16:52,Tucker,well if there's no cia who protects us from the bad man
16:53,Tucker,"oh, I regret to report that distrubed is militantly pro israel"
16:53,Tucker,he called roger waters a nazi for refusing to perform in israel
16:54,Tucker,Mr. Disturbed said that
16:54,ã‚¹ã‚³ãƒ•ãƒªãƒ³ Scott,damn that's a bummer.... always thought DISTURBED would have better politics
16:54,Tucker,it's ok they are pro choice
16:54,Tucker,I googled this because I wanted to know if it was okay to rock along to a guy that doesn't like joe biden
16:55,Tucker,"""Why do we love to hate? This insanity...embedded in our hearts"""
16:55,Tucker,we are not so different after all
16:56,Tucker,WE
16:56,Tucker,HAVE
16:56,Tucker,EYES
16:56,Tucker,but we caNNOT SEE!
16:56,Tucker,SO BLINDED BY OUR OWN OBSESSIONS
16:57,Tucker, \m/
16:59,Tucker,how long till this album's at karaoke
17:08,Tucker,"Happy Thanksgiving, Disturbed Ones"
01:19,Tucker,"https://twitter.com/indianloonie/status/1597765500788150273?s=46&t=KHqbewo0hpsblD62xxkQOw"
01:36,ã‚¹ã‚³ãƒ•ãƒªãƒ³ Scott,SAVage
09:51,Tucker,BADvage
16:19,crista,oh god
16:20,crista,"please sir i beg you, dont do this"
16:20,crista,this is because i mentioned that the term 'gaslighting' comes from a movie
16:21,ã‚¹ã‚³ãƒ•ãƒªãƒ³ Scott,HAHAHAHAHAHAHAHHAHahahh
16:21,ã‚¹ã‚³ãƒ•ãƒªãƒ³ Scott,OF ALL THE WORDS YOU COULD USE AS AN EXAMPLE
16:21,ã‚¹ã‚³ãƒ•ãƒªãƒ³ Scott,come on buddy
16:21,crista,why would you do this
16:21,crista,i can think of another n word that used to be acceptable too
16:21,crista,jesus
16:22,ã‚¹ã‚³ãƒ•ãƒªãƒ³ Scott,there are so so so many other words you could use
16:22,ã‚¹ã‚³ãƒ•ãƒªãƒ³ Scott,actually the word colored was socially acceptable as late as 1965 *push up glasses*
16:23,Tucker,showing a bit too much of your hand here buddy
16:23,crista,yeah somehow seems like he might trot this one out frequently
16:23,ã‚¹ã‚³ãƒ•ãƒªãƒ³ Scott,hahahahahaha
16:24,ã‚¹ã‚³ãƒ•ãƒªãƒ³ Scott,setting the record straight
16:25,Tucker,appreciate that he sourced the claim
16:25,Tucker,because he thinks this is Very Important
16:26,ã‚¹ã‚³ãƒ•ãƒªãƒ³ Scott,its so funny with the image in there
16:26,crista,i know lmao
16:26,crista,kinda just want to post this in there
16:26,ã‚¹ã‚³ãƒ•ãƒªãƒ³ Scott,hahahahahahahahha
16:26,ã‚¹ã‚³ãƒ•ãƒªãƒ³ Scott,yeah
16:28,Tucker,"you could've been like ""yeah jobby isn't a good word to use in the UK or Ireland (heart balloon)"
16:28,Tucker,"""ha ha isn't that funny"""
16:29,ã‚¹ã‚³ãƒ•ãƒªãƒ³ Scott,wooooooow that's kinda true though isn't it
16:30,ã‚¹ã‚³ãƒ•ãƒªãƒ³ Scott,the response makes no sense to me
16:30,crista,"yeah is he saying ""i am aware that you can call people a negro in spanish""?"
16:31,ã‚¹ã‚³ãƒ•ãƒªãƒ³ Scott,maybe because negro is just spanish for black?
16:31,crista,oh maybe
16:31,crista,i was considering going in to the office tomorrow for the holiday event
16:31,crista,but this interaction has instantly changed my mind
16:32,crista,i do not want to meet or talk to these people
16:32,ã‚¹ã‚³ãƒ•ãƒªãƒ³ Scott,hahahahahaahahahaha
16:32,crista,uh oh popa is typing now
16:32,crista,leave it alone popa
16:32,ã‚¹ã‚³ãƒ•ãƒªãƒ³ Scott,sock it to me popa
16:32,ã‚¹ã‚³ãƒ•ãƒªãƒ³ Scott,NO NO NO
16:32,ã‚¹ã‚³ãƒ•ãƒªãƒ³ Scott,keep going
16:33,ã‚¹ã‚³ãƒ•ãƒªãƒ³ Scott,choosing his words so carefully
16:33,crista,he keeps starting typing and then stops lol
16:33,crista,i think we're gonna get some heat
16:33,crista,typing again
16:33,ã‚¹ã‚³ãƒ•ãƒªãƒ³ Scott,i'm chomping at the bit over here
16:34,crista,the suspense is killing me
16:34,ã‚¹ã‚³ãƒ•ãƒªãƒ³ Scott,POPAAAAAAA
16:35,ã‚¹ã‚³ãƒ•ãƒªãƒ³ Scott,pfffft boring
16:35,crista,yeah
16:35,crista,but this tanner fella seems like enough of an asshole to come back
16:35,Tucker,why is this converstaion happening at all
16:35,crista,i cant wait for this to get overtly political
16:35,crista,yay
16:36,crista,Tanner Gary Lund 
16:36,crista,three word name
16:36,crista,bad sign
16:36,ã‚¹ã‚³ãƒ•ãƒªãƒ³ Scott,"it's such a funny tid bit to be like ACTUALLY about, because that is something that literally any american would know - martin luther king uses negro in his speeches"
16:38,crista,it's also a weird example to use because the common usage of it changed because of RACISM
16:38,crista,"that's sort of, artificial language evolution"
16:38,ã‚¹ã‚³ãƒ•ãƒªãƒ³ Scott,hahahahah true
16:38,crista,when you stop using a word on purpose because it's offensive
16:38,ã‚¹ã‚³ãƒ•ãƒªãƒ³ Scott,hahahahhahahah yeah
16:40,Tucker,think a lot of this conversation could have been kept in drafts for a bit longer
16:41,Tucker,why would you post this shit on slack
16:46,crista,also i can't help but think that anyone who would complain about the bastardization of the term gaslighting can only be someone who has been accused of it before
16:48,ã‚¹ã‚³ãƒ•ãƒªãƒ³ Scott,hahahahha yeah no question about that
16:49,crista,look i may be abusive but i'm not a gaslighter
16:50,Tucker,^gaslighter behavior
20:00,crista,do you guys wanna go to the curry place for dinner?
20:10,ã‚¹ã‚³ãƒ•ãƒªãƒ³ Scott,aaaaaaaaah we had curry place for lunch lol
20:13,ã‚¹ã‚³ãƒ•ãƒªãƒ³ Scott,"we're also a bit spooked that we might have gotten sick, so might not be a good night to meet up"
20:14,crista,oh yeah donâ€™t wanna risk it then 
20:14,ã‚¹ã‚³ãƒ•ãƒªãƒ³ Scott,yeah hopefully we'll wake up tomorrow and feel fine
20:14,crista,by sick you donâ€™t mean like food poisoning right 
20:14,crista,like we shouldnâ€™t go there 
20:15,ã‚¹ã‚³ãƒ•ãƒªãƒ³ Scott,HAAHAHAHHAHA no no no no
20:15,crista,hahahaha ok 
20:15,ã‚¹ã‚³ãƒ•ãƒªãƒ³ Scott,"just regular sick, scratchy throught and shit"
20:15,crista,ah yeah 
20:15,crista,hope itâ€™s not the coov and just the changing seasons or something 
20:16,crista,annual winter cold 
20:17,ã‚¹ã‚³ãƒ•ãƒªãƒ³ Scott,yeah seriously
20:27,Tucker,Word hope yâ€™all feel better 
22:57,Tucker,DP (baby)
23:10,Baby Dp,[Video]
23:10,Baby Dp,Explain this
23:13,Tucker,I believe 
23:13,Tucker,I have seen the UFOs
23:13,Tucker,Canâ€™t explain it. 
23:14,ã‚¹ã‚³ãƒ•ãƒªãƒ³ Scott,https://en.m.wikipedia.org/wiki/Battle_of_Los_Angeles
23:14,Tucker,We saw that movie
23:16,Tucker,It sucked so fucking bad I wished ET would kick my ass
23:27,Baby Dp,It did suck
18:34,ã‚¹ã‚³ãƒ•ãƒªãƒ³ Scott,We're doing nabe at our place of you guys want some
18:49,crista,ahh we already had plans to go get italian food w kaz 
18:50,ã‚¹ã‚³ãƒ•ãƒªãƒ³ Scott,Word word 
18:50,ã‚¹ã‚³ãƒ•ãƒªãƒ³ Scott,Well if you wanna swing by after or whatever hit us up 
19:00,crista,ok! weâ€™re gonna head to the restaurant in a few min so iâ€™ll let you know after 
20:56,crista,finishing up dinner now 
20:58,crista,gonna come by in a few min 
21:07,ã‚¹ã‚³ãƒ•ãƒªãƒ³ Scott,"Nice, come on down"
21:08,crista,want us to grab anything on the way?
21:11,ã‚¹ã‚³ãƒ•ãƒªãƒ³ Scott,"Think we're good, maybe just grab a couple drinks "
03:59,Tucker,Yo word I left my scarf on top of your suitcase 
04:00,Tucker,Ill come get it someday
04:27,ã‚¹ã‚³ãƒ•ãƒªãƒ³ Scott,Naaaah dude that shits mine now
11:57,Tucker,Iâ€™ll Franz Ferdinand you 
12:19,ã‚¹ã‚³ãƒ•ãƒªãƒ³ Scott,World war three had to start somehow
12:58,ã‚¹ã‚³ãƒ•ãƒªãƒ³ Scott,"Wow that's so true though. Let's get rid of Walmart too, they communist as a ho frfr "
12:59,Tucker,"""Commie as a ho"
14:32,crista,"i searched my line contacts to see if i had erina because i want to get her switch friend code, and it turns out i do have here on here and the only thing she ever sent me was a bunch of pictures of scott wearing bras "
14:32,crista,and this 
15:54,ã‚¹ã‚³ãƒ•ãƒªãƒ³ Scott,Hahahahahaahhahahahahahaha
15:55,ã‚¹ã‚³ãƒ•ãƒªãƒ³ Scott,Such a gem 
17:25,Baby Dp,Gimme 
14:44,Tucker,https://www.youtube.com/watch?v=RUR2ueq7fAQ&ab_channel=Weezer-Topic
14:44,ã‚¹ã‚³ãƒ•ãƒªãƒ³ Scott,............
14:44,Tucker,"where's your holiday spirit, scott"
15:45,Tucker,https://www.youtube.com/watch?v=A5MtQMKa7ao&ab_channel=mishaabesadze
15:45,Tucker,I fucking love kraftwerk* subtlety
15:46,Tucker,"""stop plastic pollution/in the ocean"""
15:47,Tucker,"""keep your planet cleaaaaan"""
15:50,ã‚¹ã‚³ãƒ•ãƒªãƒ³ Scott,fuck yeeeeeeeah
15:50,ã‚¹ã‚³ãƒ•ãƒªãƒ³ Scott,HAHAHAHAHAHAHAH
15:50,ã‚¹ã‚³ãƒ•ãƒªãƒ³ Scott,how can it be so goofy and yet so good
15:51,Tucker,the water drop sounds and stuff
15:51,Tucker,the fuzz
15:51,Tucker,and then the corniest lyrics of ALL TIME
15:51,Tucker,"in german, thinking to myself: ah yes I feel very troubled by plastic pollution in the ocean. I should make a soundscape about it"
15:53,ã‚¹ã‚³ãƒ•ãƒªãƒ³ Scott,hahahahahahhahaahahah
15:53,ã‚¹ã‚³ãƒ•ãƒªãƒ³ Scott,yeah
12:32,Tucker,https://www.youtube.com/watch?v=NquXu7rQy6o&ab_channel=Kira
13:37,Baby Dp,[Sticker]
13:40,Tucker,at the very end of the playlist
13:41,Tucker,it's lady gaga power hour
12:15,crista,hahahahhaah
12:15,crista,holy shit 
12:17,Tucker,https://www.youtube.com/watch?v=sZQmL-PKr8Y
12:17,Tucker,"""""""Panasonic Interactive Media, or PIM, released Secret Writer's Society on February 10, 1998. It was an edutainment game intended to teach children the basics of grammar and writing. After a series of lessons on how to write, format and edit one's work, the program could read out what the user had written in a text-to-speech format. Of course, the game couldn't be allowed to read out swear words if the user had written them--this is a children's game, after all! So the game contained a list of forbidden words within its code, which, if typed out, would not be voiced."
12:29,ã‚¹ã‚³ãƒ•ãƒªãƒ³ Scott,awesome
14:26,crista,we got a christmas tree 
14:37,Baby Dp,The Muppet at the top is (Awesome)
14:56,ã‚¹ã‚³ãƒ•ãƒªãƒ³ Scott,fuck yeah
18:33,crista,deodude continues to be an absolute gem 
18:34,crista,itâ€™s fucking 330 in the morning where he is 
18:44,ã‚¹ã‚³ãƒ•ãƒªãƒ³ Scott,Hahahahahahahaha what the fuck 
19:20,Tucker,I donâ€™t â€¦.know what this means
19:21,ã‚¹ã‚³ãƒ•ãƒªãƒ³ Scott,man is actuality on one 
19:21,Tucker,What does this fucking mean
19:21,Tucker,And why would you talk like this at work
19:22,crista,lol you should see the whole thread. he is just always like this 
14:03,crista,lol so remember how i said we found a house
14:04,crista,"well i was in the middle of telling them some days we could go see it, and then their next message to me was like, ""due to various reasons we're not in charge of the property anymore, this other company is instead"""
14:04,crista,and i looked it up and they arent even a fudosan
14:05,crista,they're just some weird management company that doesn't list their properties anywhere
14:05,crista,so once again we have lost a house
14:44,ã‚¹ã‚³ãƒ•ãƒªãƒ³ Scott,what the fuuuuuuuuuuuuck
15:07,crista,"i looked on suumo and i found it, and it said there were 13 different fudosans that can show us the place, so i emailed a different one..."
15:07,crista,i want that pantry god dammit
15:39,ã‚¹ã‚³ãƒ•ãƒªãƒ³ Scott,hahahaha
10:33,Tucker,https://twitter.com/hiphopdx/status/1366818877250879488?s=46&t=1Kav4VamWlHqidb-hDIhog
16:56,crista,would you guys wanna try don giovanni tonight?
17:00,ã‚¹ã‚³ãƒ•ãƒªãƒ³ Scott,"i think vi's going out with work people tonight, but i'm down"
17:00,crista,just gives us another excuse to go again
17:06,Tucker,mmm yeah idk about that
17:06,Tucker,was thinking this was more of a 4 person activity
17:06,ã‚¹ã‚³ãƒ•ãƒªãƒ³ Scott,"we could invite YOUR MOM, make a foursom"
17:09,crista,we could uninvite tucker and invite his mom
17:09,Tucker,You know what why don't you do that
17:10,Tucker,I'll hire a troupe of strippers and we'll watch Equilibrium
17:10,Tucker,also we're gonna order hooters wings
17:10,ã‚¹ã‚³ãƒ•ãƒªãƒ³ Scott,FUCK that does sound good
17:10,Tucker,might even spin some vinyls (anime robot songs)
17:25,ã‚¹ã‚³ãƒ•ãƒªãƒ³ Scott,yoooooo FUCK hans zimmer this should be the dune soundtrackÂ https://open.spotify.com/album/2T6vbpfG0zp0v8tWCG80Io?si=emGchJzIQU2-2AVyzno8aQ
17:30,Tucker,time to listen to see if this is a bit or for real
17:32,ã‚¹ã‚³ãƒ•ãƒªãƒ³ Scott,its so real
17:33,crista,yeah this is p good
18:09,ã‚¹ã‚³ãƒ•ãƒªãƒ³ Scott,wow the moon's crazy right now
18:13,Tucker,Time to change my behavior bc the moon is pulling on my blood
18:13,Tucker,Oh sorry I forgot crista doesnâ€™t believe in anything 
18:14,ã‚¹ã‚³ãƒ•ãƒªãƒ³ Scott,"oh god you're right, i can feel it pulling on deez nuts rights now"
18:15,Tucker,Itâ€™s turning me
18:15,Tucker,\m/ METAL AF \m/
18:19,crista,awooooo
18:19,crista,werewolf time 
18:20,crista,actually i canâ€™t see the moon so i donâ€™t know if itâ€™s full 
19:00,Tucker,Anyways yeah weâ€™re good whenever
19:12,ã‚¹ã‚³ãƒ•ãƒªãƒ³ Scott,"sorry i was finishing up some workyjerky, i'll head over in like 20min"
19:12,ã‚¹ã‚³ãƒ•ãƒªãƒ³ Scott,to your place that is
19:13,Tucker,Working? In this econony?
09:50,Baby Dp,It's official 
09:50,Baby Dp,Going to Osaka 
09:50,crista,awwww yeaaaaa
09:50,Baby Dp,January 7th to Feb 2
09:50,crista,oh shit thatâ€™s pretty soon 
09:50,Baby Dp,Last week working from Tokyo 
09:51,Baby Dp,Yeah emergency shit for rocksmith 
09:51,crista,new wiggles album just drop or something?
09:53,Baby Dp,Redesigned guitar tuner app
09:53,Baby Dp,But yeah just found out now
09:54,crista,niceee 
09:54,crista,thatâ€™s a long trip too
09:54,crista,is meghan coming?
09:54,Baby Dp,Definitely 
09:54,crista,yaaaay
09:55,crista,leandroâ€™s coming to visit soon too 
09:55,crista,maybe heâ€™ll still be here when youâ€™re here 
10:03,Baby Dp,Oh ahiiiiie
10:03,Baby Dp,Shiie 
10:03,Baby Dp,Bust a nut
10:03,crista,shimada too 
10:04,Baby Dp,Lol lord 
10:04,Baby Dp,Scotts body about to get rocked 
10:04,crista,lol
10:34,Baby Dp,Airbnb looking like a converted love hotel 
10:38,Tucker,What the fuck
10:38,Tucker,Lemon theme room
10:39,Baby Dp,Apartment complex has food themed rooms
10:40,Baby Dp,They had a compari one
10:40,crista,lol
10:40,Baby Dp,And a soju one
11:27,ã‚¹ã‚³ãƒ•ãƒªãƒ³ Scott,Bust a nut 
13:52,Tucker,Hey did you know that Muslim traders to Korea via the mongols invented soju
13:53,ã‚¹ã‚³ãƒ•ãƒªãƒ³ Scott,:o
13:53,ã‚¹ã‚³ãƒ•ãƒªãƒ³ Scott,Based 
14:01,Tucker,Dangerously based
14:44,Tucker,Found the anti vax kimono shop
14:46,crista,why is it in english 
14:55,Baby Dp,Wow
14:55,ã‚¹ã‚³ãƒ•ãƒªãƒ³ Scott,Finally some solidarity
15:49,crista,found a very powerful tee on mercari 
18:20,ã‚¹ã‚³ãƒ•ãƒªãƒ³ Scott,hahahahahahahahhah
18:20,ã‚¹ã‚³ãƒ•ãƒªãƒ³ Scott,sound advice
